# Метеостанция Опытное Поле (Красноярск), Россия, WMO_ID=29570, выборка с 01.01.2016 по 30.07.2016, все дни
# Кодировка: ANSI
# Информация предоставлена сайтом "Расписание Погоды", rp5.ru
# Пожалуйста, при использовании данных, любезно указывайте названный сайт.
# Обозначения метеопараметров см. по адресу http://rp5.ru/archive.php?wmo_id=29570&lang=ru
#
"Местное время в Опытном Поле";"T";"Po";"P";"Pa";"U";"DD";"Ff";"ff10";"ff3";"N";"WW";"W1";"W2";"Tn";"Tx";"Cl";"Nh";"H";"Cm";"Ch";"VV";"Td";"RRR";"tR";"E";"Tg";"E'";"sss"
"25.02.2016 07:00";"-2.6";"745.3";"771.6";"";"80";"Ветер, дующий с запада";"2";"";"";"100%.";"Состояние неба в общем не изменилось. ";"Ливень (ливни).";"Метель";"-6.9";"";"Кучево-дождевые волокнистые (часто с наковальней), либо с кучево-дождевыми лысыми, кучевыми, слоистыми, разорванно-дождевыми, либо без них.";"40%.";"600-1000";"Высококучевые, просвечивающие или плотные в двух или более слоях или высококучевые плотные в одном слое, не распространяющиеся но небу, либо высококучевые с высокослоистыми или слоисто-дождевыми.";"";"4.0";"-5.6";"0.2";"12";"";"";"Ровный слой сухого рассыпчатого снега покрывает поверхность почвы полностью.";"30.0";
"25.02.2016 01:00";"-4.0";"744.4";"770.8";"";"80";"Ветер, дующий с юго-запада";"4";"";"13";"100%.";"Ливневый снег слабый в срок наблюдения или за последний час. ";"Ливень (ливни).";"Метель";"";"";"Кучево-дождевые волокнистые (часто с наковальней), либо с кучево-дождевыми лысыми, кучевыми, слоистыми, разорванно-дождевыми, либо без них.";"60%.";"600-1000";"Высокослоистые непросвечивающие или слоисто-дождевые.";"";"4.0";"-7.0";"";"";"";"";"";"";
"24.02.2016 19:00";"-6.7";"747.6";"774.4";"";"78";"Штиль, безветрие";"0";"";"";"100%.";" ";"";"";"";"-3.6";"Кучево-дождевые волокнистые (часто с наковальней), либо с кучево-дождевыми лысыми, кучевыми, слоистыми, разорванно-дождевыми, либо без них.";"50%.";"600-1000";"Высококучевые просвечивающие, расположенные на одном уровне.";"Перисто-слоистые, покрывающие все небо.";"4.0";"-10.0";"Следы осадков";"12";"";"";"";"";
"24.02.2016 13:00";"-6.4";"750.4";"777.3";"";"73";"Ветер, дующий с востоко-северо-востока";"1";"";"";"90  или более, но не 100%";"Состояние неба в общем не изменилось. ";"Ливень (ливни).";"Облака покрывали более половины неба в течение всего соответствующего периода.";"";"";"Кучево-дождевые волокнистые (часто с наковальней), либо с кучево-дождевыми лысыми, кучевыми, слоистыми, разорванно-дождевыми, либо без них.";"60%.";"600-1000";"Высококучевые просвечивающие, расположенные на одном уровне.";"Перистые нитевидные, иногда когтевидные, не распространяющиеся по небу.";"20.0";"-10.5";"";"";"";"";"";"";
"24.02.2016 07:00";"-10.1";"750.7";"778.0";"";"85";"Ветер, дующий с юго-запада";"2";"";"";"40%.";"Ливневый снег или ливневый дождь и снег. ";"Ливень (ливни).";"Облака покрывали более половины неба в течение всего соответствующего периода.";"-10.4";"";"Слоисто-кучевых, слоистых, кучевых или кучево-дождевых облаков нет.";"40%.";"2000-2500";"Высококучевые просвечивающие, расположенные на одном уровне.";"Перистых, перисто-кучевых или перисто-слоистых нет.";"4.0";"-12.1";"0.7";"12";"";"";"Ровный слой сухого рассыпчатого снега покрывает поверхность почвы полностью.";"31.0";
"24.02.2016 01:00";"-9.1";"750.9";"778.1";"";"82";"Ветер, дующий с юго-запада";"4";"";"";"100%.";"Ливневый снег слабый в срок наблюдения или за последний час. ";"Ливень (ливни).";"Метель";"";"";"Кучево-дождевые волокнистые (часто с наковальней), либо с кучево-дождевыми лысыми, кучевыми, слоистыми, разорванно-дождевыми, либо без них.";"60%.";"600-1000";"Высококучевые просвечивающие, расположенные на одном уровне.";"Перистых, перисто-кучевых или перисто-слоистых нет.";"4.0";"-11.6";"";"";"";"";"";"";
"23.02.2016 19:00";"-9.0";"751.5";"778.7";"";"86";"Ветер, дующий с юго-запада";"5";"";"10";"100%.";"Ливневый снег умеренный или сильный в срок наблюдения или за последний час. ";"Ливень (ливни).";"Метель";"";"-8.9";"Кучево-дождевые волокнистые (часто с наковальней), либо с кучево-дождевыми лысыми, кучевыми, слоистыми, разорванно-дождевыми, либо без них.";"70 – 80%.";"600-1000";"Высокослоистые просвечивающие.";"";"";"-11.0";"1.0";"12";"";"";"";"";
"23.02.2016 13:00";"-9.8";"753.2";"780.7";"";"78";"Ветер, дующий с западо-юго-запада";"2";"";"";"100%.";"Ливневый снег слабый в срок наблюдения или за последний час. ";"Ливень (ливни).";"Облака покрывали более половины неба в течение всего соответствующего периода.";"";"";"Кучево-дождевые волокнистые (часто с наковальней), либо с кучево-дождевыми лысыми, кучевыми, слоистыми, разорванно-дождевыми, либо без них.";"60%.";"600-1000";"Высококучевых, высокослоистых или слоисто-дождевых облаков нет.";"Перисто-слоистые, покрывающие все небо.";"10.0";"-12.9";"";"";"";"";"";"";
"23.02.2016 07:00";"-13.4";"754.3";"782.1";"";"85";"Ветер, дующий с юго-юго-запада";"1";"";"";"100%.";"Ливневый снег слабый в срок наблюдения или за последний час. ";"Ливень (ливни).";"Облака покрывали более половины неба в течение всего соответствующего периода.";"-15.0";"";"Кучево-дождевые волокнистые (часто с наковальней), либо с кучево-дождевыми лысыми, кучевыми, слоистыми, разорванно-дождевыми, либо без них.";"70 – 80%.";"600-1000";"Высококучевых, высокослоистых или слоисто-дождевых облаков нет.";"Перисто-слоистые, покрывающие все небо.";"4.0";"-15.4";"Следы осадков";"12";"";"";"Ровный слой сухого рассыпчатого снега покрывает поверхность почвы полностью.";"31.0";
"23.02.2016 01:00";"-12.0";"754.8";"782.5";"";"90";"Ветер, дующий с западо-юго-запада";"3";"";"";"70 – 80%.";" ";"";"";"";"";"Слоисто-кучевых, слоистых, кучевых или кучево-дождевых облаков нет.";"Облаков нет.";"2500 или более, или облаков нет.";"Высококучевых, высокослоистых или слоисто-дождевых облаков нет.";"Перистые нитевидные, иногда когтевидные, не распространяющиеся по небу.";"4.0";"-13.3";"";"";"";"";"";"";
"22.02.2016 19:00";"-13.0";"754.9";"782.8";"";"90";"Ветер, дующий с запада";"1";"";"";"Облаков нет.";"Дымка. ";"Облака покрывали половину неба или менее в течение всего соответствующего периода.";"Облака покрывали половину неба или менее в течение всего соответствующего периода.";"";"-8.2";"";"";"";"";"";"";"-14.3";"Осадков нет";"12";"";"";"";"";
"22.02.2016 13:00";"-12.1";"755.2";"782.9";"";"81";"Штиль, безветрие";"0";"";"";"Облаков нет.";" ";"";"";"";"";"";"";"";"";"";"10.0";"-14.8";"";"";"";"";"";"";
"22.02.2016 07:00";"-19.1";"754.6";"783.1";"";"95";"Штиль, безветрие";"0";"";"";"20–30%.";" ";"";"";"-19.2";"";"Слоисто-кучевых, слоистых, кучевых или кучево-дождевых облаков нет.";"Облаков нет.";"2500 или более, или облаков нет.";"Высококучевых, высокослоистых или слоисто-дождевых облаков нет.";"Перистые нитевидные, иногда когтевидные, не распространяющиеся по небу.";"4.0";"-19.7";"0.2";"12";"";"";"Ровный слой сухого рассыпчатого снега покрывает поверхность почвы полностью.";"31.0";
"22.02.2016 01:00";"-15.2";"753.9";"781.9";"";"95";"Штиль, безветрие";"0";"";"";"100%.";"Состояние неба в общем не изменилось. ";"Ливень (ливни).";"Облака покрывали более половины неба в течение всего соответствующего периода.";"";"";"Слоисто-кучевых, слоистых, кучевых или кучево-дождевых облаков нет.";"40%.";"2000-2500";"Клочья (часто чечевицеобразные) высококучевых просвечивающих, непрерывно изменяющихся; расположены на одном или более уровнях.";"Перисто-слоистые, покрывающие все небо.";"4.0";"-15.8";"";"";"";"";"";"";
"21.02.2016 19:00";"-12.1";"752.4";"780.0";"";"95";"Ветер, дующий с юго-запада";"2";"";"";"70 – 80%.";"Состояние неба в общем не изменилось. ";"Ливень (ливни).";"Облака покрывали более половины неба в течение всего соответствующего периода.";"";"-8.0";"Кучево-дождевые волокнистые (часто с наковальней), либо с кучево-дождевыми лысыми, кучевыми, слоистыми, разорванно-дождевыми, либо без них.";"20–30%.";"600-1000";"Высококучевые просвечивающие, расположенные на одном уровне.";"Перистые нитевидные, иногда когтевидные, не распространяющиеся по небу.";"4.0";"-12.7";"0.6";"12";"";"";"";"";
"21.02.2016 13:00";"-9.3";"750.9";"778.1";"";"79";"Ветер, дующий с северо-востока";"1";"";"";"70 – 80%.";"Ливневый снег слабый в срок наблюдения или за последний час. ";"Ливень (ливни).";"Облака покрывали более половины неба в течение всего соответствующего периода.";"";"";"Кучево-дождевые волокнистые (часто с наковальней), либо с кучево-дождевыми лысыми, кучевыми, слоистыми, разорванно-дождевыми, либо без них.";"40%.";"600-1000";"Высококучевые просвечивающие, расположенные на одном уровне.";"Перистых, перисто-кучевых или перисто-слоистых нет.";"20.0";"-12.3";"";"";"";"";"";"";
"21.02.2016 07:00";"-13.6";"749.0";"776.6";"";"95";"Штиль, безветрие";"0";"";"";"100%.";"Ливневый снег слабый в срок наблюдения или за последний час. ";"Ливень (ливни).";"Облака покрывали более половины неба в течение всего соответствующего периода.";"-13.8";"";"Кучево-дождевые волокнистые (часто с наковальней), либо с кучево-дождевыми лысыми, кучевыми, слоистыми, разорванно-дождевыми, либо без них.";"60%.";"600-1000";"Клочья (часто чечевицеобразные) высококучевых просвечивающих, непрерывно изменяющихся; расположены на одном или более уровнях.";"Перисто-слоистые, покрывающие все небо.";"19.0";"-14.2";"2.0";"12";"";"";"Ровный слой сухого рассыпчатого снега покрывает поверхность почвы полностью.";"31.0";
"21.02.2016 01:00";"-10.7";"746.8";"774.1";"";"90";"Ветер, дующий с западо-юго-запада";"1";"";"";"100%.";"Ливневый снег слабый в срок наблюдения или за последний час. ";"Ливень (ливни).";"Облака покрывали более половины неба в течение всего соответствующего периода.";"";"";"Кучево-дождевые волокнистые (часто с наковальней), либо с кучево-дождевыми лысыми, кучевыми, слоистыми, разорванно-дождевыми, либо без них.";"70 – 80%.";"600-1000";"Клочья (часто чечевицеобразные) высококучевых просвечивающих, непрерывно изменяющихся; расположены на одном или более уровнях.";"Перисто-слоистые, покрывающие все небо.";"4.0";"-12.0";"";"";"";"";"";"";
"20.02.2016 19:00";"-8.9";"744.6";"771.6";"";"89";"Ветер, дующий с юго-запада";"1";"";"";"100%.";"Ливневый снег слабый в срок наблюдения или за последний час. ";"Ливень (ливни).";"Облака покрывали более половины неба в течение всего соответствующего периода.";"";"-5.8";"Кучево-дождевые волокнистые (часто с наковальней), либо с кучево-дождевыми лысыми, кучевыми, слоистыми, разорванно-дождевыми, либо без них.";"40%.";"600-1000";"Высококучевых, высокослоистых или слоисто-дождевых облаков нет.";"Перисто-слоистые, покрывающие все небо.";"4.0";"-10.4";"2.0";"12";"";"";"";"";
"20.02.2016 13:00";"-6.5";"742.0";"768.6";"";"81";"Ветер, дующий с западо-юго-запада";"2";"";"";"100%.";"Ливневый снег умеренный или сильный в срок наблюдения или за последний час. ";"Ливень (ливни).";"Облака покрывали более половины неба в течение всего соответствующего периода.";"";"";"Кучево-дождевые волокнистые (часто с наковальней), либо с кучево-дождевыми лысыми, кучевыми, слоистыми, разорванно-дождевыми, либо без них.";"100%.";"600-1000";"";"";"4.0";"-9.3";"";"";"";"";"";"";
"20.02.2016 07:00";"-8.3";"741.0";"767.8";"";"89";"Ветер, дующий с западо-юго-запада";"1";"";"";"100%.";"Ливневый снег умеренный или сильный в срок наблюдения или за последний час. ";"Ливень (ливни).";"Облака покрывали более половины неба в течение всего соответствующего периода.";"-8.5";"";"Кучево-дождевые волокнистые (часто с наковальней), либо с кучево-дождевыми лысыми, кучевыми, слоистыми, разорванно-дождевыми, либо без них.";"100%.";"600-1000";"";"";"";"-9.8";"3.0";"12";"";"";"Ровный слой сухого рассыпчатого снега покрывает поверхность почвы полностью.";"31.0";
"20.02.2016 01:00";"-7.4";"741.8";"768.5";"";"85";"Ветер, дующий с юго-запада";"3";"";"";"100%.";"Ливневый снег умеренный или сильный в срок наблюдения или за последний час. ";"Ливень (ливни).";"Метель";"";"";"Кучево-дождевые волокнистые (часто с наковальней), либо с кучево-дождевыми лысыми, кучевыми, слоистыми, разорванно-дождевыми, либо без них.";"100%.";"600-1000";"";"";"";"-9.5";"";"";"";"";"";"";
"19.02.2016 19:00";"-7.3";"746.8";"773.6";"";"83";"Ветер, дующий с юго-юго-запада";"4";"";"14";"100%.";"Ливневый снег слабый в срок наблюдения или за последний час. ";"Ливень (ливни).";"Метель";"";"-6.4";"Кучево-дождевые волокнистые (часто с наковальней), либо с кучево-дождевыми лысыми, кучевыми, слоистыми, разорванно-дождевыми, либо без них.";"100%.";"600-1000";"";"";"4.0";"-9.8";"0.3";"12";"";"";"";"";
"19.02.2016 13:00";"-7.8";"750.6";"777.7";"";"73";"Ветер, дующий с юга";"8";"13";"16";"100%.";"Ливневый снег слабый в срок наблюдения или за последний час. ";"Ливень (ливни).";"Метель";"";"";"Кучево-дождевые волокнистые (часто с наковальней), либо с кучево-дождевыми лысыми, кучевыми, слоистыми, разорванно-дождевыми, либо без них.";"50%.";"600-1000";"Высококучевые, просвечивающие или плотные в двух или более слоях или высококучевые плотные в одном слое, не распространяющиеся но небу, либо высококучевые с высокослоистыми или слоисто-дождевыми.";"";"50.0";"-11.8";"";"";"";"";"";"";
"19.02.2016 07:00";"-12.2";"753.8";"781.5";"";"85";"Ветер, дующий с юго-запада";"6";"11";"11";"100%.";"Ливневый снег слабый в срок наблюдения или за последний час. ";"Ливень (ливни).";"Метель";"-15.6";"";"Кучево-дождевые волокнистые (часто с наковальней), либо с кучево-дождевыми лысыми, кучевыми, слоистыми, разорванно-дождевыми, либо без них.";"100%.";"600-1000";"";"";"4.0";"-14.2";"Следы осадков";"12";"";"";"Ровный слой сухого рассыпчатого снега покрывает поверхность почвы полностью.";"30.0";
"19.02.2016 01:00";"-15.3";"756.7";"784.9";"";"90";"Штиль, безветрие";"0";"";"";"Облаков нет.";" ";"";"";"";"";"";"";"";"";"";"4.0";"-16.6";"";"";"";"";"";"";
"18.02.2016 19:00";"-12.2";"756.2";"784.0";"";"81";"Ветер, дующий с западо-юго-запада";"1";"";"";"20–30%.";"Состояние неба в общем не изменилось. ";"Ливень (ливни).";"Облака покрывали более половины неба в течение одной части соответствующего периода и половину или менее в течение другой части периода.";"";"-7.6";"Кучевые плоские или кучевые разорванные, или те и другие вместе, не относящиеся к облакам плохой погоды.";"20–30%.";"600-1000";"Высококучевых, высокослоистых или слоисто-дождевых облаков нет.";"Перистых, перисто-кучевых или перисто-слоистых нет.";"4.0";"-14.9";"0.3";"12";"";"";"";"";
"18.02.2016 13:00";"-8.6";"751.0";"778.1";"";"65";"Ветер, дующий с западо-северо-запада";"2";"";"";"60%.";"Ливневый снег слабый в срок наблюдения или за последний час. ";"Ливень (ливни).";"Облака покрывали более половины неба в течение всего соответствующего периода.";"";"";"Кучево-дождевые волокнистые (часто с наковальней), либо с кучево-дождевыми лысыми, кучевыми, слоистыми, разорванно-дождевыми, либо без них.";"60%.";"600-1000";"Высококучевых, высокослоистых или слоисто-дождевых облаков нет.";"Перистых, перисто-кучевых или перисто-слоистых нет.";"20.0";"-14.0";"";"";"";"";"";"";
"18.02.2016 07:00";"-9.8";"746.2";"773.3";"";"82";"Ветер, дующий с западо-юго-запада";"3";"";"10";"100%.";"Ливневый снег умеренный или сильный в срок наблюдения или за последний час. ";"Ливень (ливни).";"Облака покрывали более половины неба в течение всего соответствующего периода.";"-11.2";"";"Кучево-дождевые волокнистые (часто с наковальней), либо с кучево-дождевыми лысыми, кучевыми, слоистыми, разорванно-дождевыми, либо без них.";"100%.";"600-1000";"";"";"";"-12.4";"2.0";"12";"";"";"Ровный слой сухого рассыпчатого снега покрывает поверхность почвы полностью.";"30.0";
"18.02.2016 01:00";"-9.9";"747.0";"774.1";"";"78";"Ветер, дующий с западо-юго-запада";"3";"";"";"100%.";"Ливневый снег умеренный или сильный в срок наблюдения или за последний час. ";"Ливень (ливни).";"Метель";"";"";"Кучево-дождевые волокнистые (часто с наковальней), либо с кучево-дождевыми лысыми, кучевыми, слоистыми, разорванно-дождевыми, либо без них.";"100%.";"600-1000";"";"";"";"-13.0";"";"";"";"";"";"";
"17.02.2016 19:00";"-10.9";"747.7";"775.0";"";"80";"Ветер, дующий с западо-юго-запада";"3";"";"";"90  или более, но не 100%";"Состояние неба в общем не изменилось. ";"Ливень (ливни).";"Облака покрывали более половины неба в течение всего соответствующего периода.";"";"-8.2";"Кучево-дождевые волокнистые (часто с наковальней), либо с кучево-дождевыми лысыми, кучевыми, слоистыми, разорванно-дождевыми, либо без них.";"40%.";"600-1000";"Высококучевые просвечивающие, расположенные на одном уровне.";"Перистых, перисто-кучевых или перисто-слоистых нет.";"4.0";"-13.7";"0.2";"12";"";"";"";"";
"17.02.2016 13:00";"-10.1";"745.4";"772.6";"";"80";"Ветер, дующий с западо-юго-запада";"4";"";"";"100%.";"Ливневый снег слабый в срок наблюдения или за последний час. ";"Ливень (ливни).";"Облака покрывали более половины неба в течение всего соответствующего периода.";"";"";"Кучево-дождевые волокнистые (часто с наковальней), либо с кучево-дождевыми лысыми, кучевыми, слоистыми, разорванно-дождевыми, либо без них.";"60%.";"600-1000";"Высококучевые просвечивающие, расположенные на одном уровне.";"Перистых, перисто-кучевых или перисто-слоистых нет.";"20.0";"-12.9";"";"";"";"";"";"";
"17.02.2016 07:00";"-13.3";"744.8";"772.3";"";"80";"Ветер, дующий с запада";"2";"";"";"90  или более, но не 100%";" ";"";"";"-13.4";"";"Слоисто-кучевых, слоистых, кучевых или кучево-дождевых облаков нет.";"40%.";"2000-2500";"Высококучевые, просвечивающие или плотные в двух или более слоях или высококучевые плотные в одном слое, не распространяющиеся но небу, либо высококучевые с высокослоистыми или слоисто-дождевыми.";"Перистые нитевидные, иногда когтевидные, не распространяющиеся по небу.";"4.0";"-16.0";"Следы осадков";"12";"";"";"Ровный слой слежавшегося или мокрого снега покрывает поверхность почвы полностью.";"29.0";
"17.02.2016 01:00";"-12.6";"745.6";"772.9";"";"85";"Ветер, дующий с западо-юго-запада";"3";"";"";"90  или более, но не 100%";"Состояние неба в общем не изменилось. ";"Снег и/или другие виды твердых осадков";"Облака покрывали более половины неба в течение одной части соответствующего периода и половину или менее в течение другой части периода.";"";"";"Слоисто-кучевых, слоистых, кучевых или кучево-дождевых облаков нет.";"70 – 80%.";"2000-2500";"Высококучевые просвечивающие, расположенные на одном уровне.";"Перистые нитевидные, иногда когтевидные, не распространяющиеся по небу.";"4.0";"-14.6";"";"";"";"";"";"";
"16.02.2016 19:00";"-11.0";"746.1";"773.4";"";"70";"Ветер, дующий с юго-запада";"3";"";"";"40%.";" ";"";"";"";"-8.0";"Слоисто-кучевых, слоистых, кучевых или кучево-дождевых облаков нет.";"Облаков нет.";"2500 или более, или облаков нет.";"Высококучевых, высокослоистых или слоисто-дождевых облаков нет.";"Перистые нитевидные, иногда когтевидные, не распространяющиеся по небу.";"4.0";"-15.4";"Осадков нет";"12";"";"";"";"";
"16.02.2016 13:00";"-10.2";"747.4";"774.5";"";"60";"Ветер, дующий с юго-запада";"3";"";"10";"20–30%.";" ";"";"";"";"";"Слоисто-кучевых, слоистых, кучевых или кучево-дождевых облаков нет.";"Облаков нет.";"2500 или более, или облаков нет.";"Высококучевых, высокослоистых или слоисто-дождевых облаков нет.";"Перистые нитевидные, иногда когтевидные, не распространяющиеся по небу.";"20.0";"-16.5";"";"";"";"";"";"";
"16.02.2016 07:00";"-15.6";"747.6";"775.3";"";"80";"Ветер, дующий с западо-юго-запада";"3";"";"";"Облаков нет.";" ";"";"";"";"";"";"";"";"";"";"4.0";"-18.3";"Осадков нет";"12";"";"";"Ровный слой слежавшегося или мокрого снега покрывает поверхность почвы полностью.";"29.0";
"16.02.2016 01:00";"-13.7";"749.1";"776.8";"";"80";"Штиль, безветрие";"0";"";"";"Облаков нет.";"Дымка. ";"Облака покрывали половину неба или менее в течение всего соответствующего периода.";"Облака покрывали половину неба или менее в течение всего соответствующего периода.";"";"";"";"";"";"";"";"";"-16.4";"";"";"";"";"";"";
"15.02.2016 19:00";"-13.8";"750.9";"778.6";"";"80";"Ветер, дующий с западо-юго-запада";"1";"";"";"Облаков нет.";"Дымка. ";"Облака покрывали половину неба или менее в течение всего соответствующего периода.";"Облака покрывали половину неба или менее в течение всего соответствующего периода.";"";"-8.7";"";"";"";"";"";"";"-16.5";"Осадков нет";"12";"";"";"";"";
"15.02.2016 13:00";"-12.5";"752.7";"780.3";"";"75";"Ветер, дующий с востока";"1";"";"";"Облаков нет.";" ";"";"";"";"";"";"";"";"";"";"20.0";"-16.0";"";"";"";"";"";"";
"15.02.2016 07:00";"-20.6";"754.1";"782.8";"";"90";"Штиль, безветрие";"0";"";"";"Облаков нет.";" ";"";"";"-20.7";"";"";"";"";"";"";"4.0";"-21.8";"Осадков нет";"12";"";"";"Ровный слой слежавшегося или мокрого снега покрывает поверхность почвы полностью.";"29.0";
"15.02.2016 01:00";"-16.5";"755.1";"783.2";"";"90";"Штиль, безветрие";"0";"";"";"Облаков нет.";"Дымка. ";"Облака покрывали более половины неба в течение одной части соответствующего периода и половину или менее в течение другой части периода.";"Облака покрывали более половины неба в течение одной части соответствующего периода и половину или менее в течение другой части периода.";"";"";"";"";"";"";"";"";"-17.8";"";"";"";"";"";"";
"14.02.2016 19:00";"-13.2";"755.5";"783.3";"";"75";"Ветер, дующий с западо-юго-запада";"1";"";"";"90  или более, но не 100%";"Дымка. ";"Облака покрывали более половины неба в течение одной части соответствующего периода и половину или менее в течение другой части периода.";"Облака покрывали более половины неба в течение одной части соответствующего периода и половину или менее в течение другой части периода.";"";"-8.9";"Слоисто-кучевых, слоистых, кучевых или кучево-дождевых облаков нет.";"40%.";"2000-2500";"Высококучевые просвечивающие, расположенные на одном уровне.";"Перистые нитевидные, иногда когтевидные, не распространяющиеся по небу.";"";"-16.7";"Осадков нет";"12";"";"";"";"";
"14.02.2016 13:00";"-14.1";"756.3";"784.3";"";"80";"Штиль, безветрие";"0";"";"";"Облаков нет.";"Дымка. ";"Облака покрывали половину неба или менее в течение всего соответствующего периода.";"Облака покрывали половину неба или менее в течение всего соответствующего периода.";"";"";"";"";"";"";"";"4.0";"-16.8";"";"";"";"";"";"";
"14.02.2016 07:00";"-21.8";"756.3";"785.2";"";"90";"Штиль, безветрие";"0";"";"";"Облаков нет.";"Дымка. ";"Облака покрывали половину неба или менее в течение всего соответствующего периода.";"Облака покрывали половину неба или менее в течение всего соответствующего периода.";"-22.0";"";"";"";"";"";"";"";"-23.0";"Осадков нет";"12";"";"";"Ровный слой сухого рассыпчатого снега покрывает поверхность почвы полностью.";"29.0";
"14.02.2016 01:00";"-17.8";"756.6";"785.1";"";"90";"Ветер, дующий с западо-юго-запада";"1";"";"";"Облаков нет.";"Дымка. ";"Облака покрывали половину неба или менее в течение всего соответствующего периода.";"Облака покрывали половину неба или менее в течение всего соответствующего периода.";"";"";"";"";"";"";"";"";"-19.0";"";"";"";"";"";"";
"13.02.2016 19:00";"-13.4";"756.9";"784.8";"";"80";"Штиль, безветрие";"0";"";"";"Облаков нет.";"Дымка. ";"Облака покрывали более половины неба в течение одной части соответствующего периода и половину или менее в течение другой части периода.";"Облака покрывали более половины неба в течение одной части соответствующего периода и половину или менее в течение другой части периода.";"";"-8.9";"";"";"";"";"";"";"-16.1";"Осадков нет";"12";"";"";"";"";
"13.02.2016 13:00";"-12.8";"756.7";"784.6";"";"75";"Ветер, дующий с востоко-северо-востока";"1";"";"";"90  или более, но не 100%";"Дымка. ";"Облака покрывали более половины неба в течение одной части соответствующего периода и половину или менее в течение другой части периода.";"Облака покрывали более половины неба в течение одной части соответствующего периода и половину или менее в течение другой части периода.";"";"";"Слоисто-кучевых, слоистых, кучевых или кучево-дождевых облаков нет.";"Облаков нет.";"2500 или более, или облаков нет.";"Высококучевых, высокослоистых или слоисто-дождевых облаков нет.";"Перистые нитевидные, иногда когтевидные, не распространяющиеся по небу.";"4.0";"-16.3";"";"";"";"";"";"";
"13.02.2016 07:00";"-21.5";"756.4";"785.1";"";"90";"Штиль, безветрие";"0";"";"";"Облаков нет.";" ";"";"";"-21.6";"";"";"";"";"";"";"4.0";"-22.7";"Осадков нет";"12";"";"";"Ровный слой слежавшегося или мокрого снега покрывает поверхность почвы полностью.";"29.0";
"13.02.2016 01:00";"-17.2";"755.9";"784.2";"";"90";"Штиль, безветрие";"0";"";"";"Облаков нет.";" ";"";"";"";"";"";"";"";"";"";"4.0";"-18.4";"";"";"";"";"";"";
"12.02.2016 19:00";"-13.0";"754.7";"782.5";"";"75";"Ветер, дующий с юго-запада";"1";"";"";"Облаков нет.";" ";"";"";"";"-5.5";"";"";"";"";"";"4.0";"-16.5";"Осадков нет";"12";"";"";"";"";
"12.02.2016 13:00";"-8.3";"753.7";"781.0";"";"55";"Ветер, дующий с западо-юго-запада";"1";"";"";"20–30%.";" ";"";"";"";"";"Слоисто-кучевых, слоистых, кучевых или кучево-дождевых облаков нет.";"Облаков нет.";"2500 или более, или облаков нет.";"Высококучевых, высокослоистых или слоисто-дождевых облаков нет.";"Перистые нитевидные, иногда когтевидные, не распространяющиеся по небу.";"50.0";"-15.9";"";"";"";"";"";"";
"12.02.2016 07:00";"-13.6";"752.8";"780.5";"";"70";"Ветер, дующий с юго-юго-запада";"2";"";"";"20–30%.";" ";"";"";"-15.7";"";"Слоисто-кучевых, слоистых, кучевых или кучево-дождевых облаков нет.";"Облаков нет.";"2500 или более, или облаков нет.";"Высококучевых, высокослоистых или слоисто-дождевых облаков нет.";"Перистые нитевидные, иногда когтевидные, не распространяющиеся по небу.";"4.0";"-17.9";"Следы осадков";"12";"";"";"Ровный слой сухого рассыпчатого снега покрывает поверхность почвы полностью.";"29.0";
"12.02.2016 01:00";"-12.2";"752.1";"779.7";"";"70";"Ветер, дующий с юго-запада";"4";"";"";"90  или более, но не 100%";"Ливневый снег или ливневый дождь и снег. ";"Ливень (ливни).";"Метель";"";"";"Кучево-дождевые волокнистые (часто с наковальней), либо с кучево-дождевыми лысыми, кучевыми, слоистыми, разорванно-дождевыми, либо без них.";"70 – 80%.";"600-1000";"Высококучевых, высокослоистых или слоисто-дождевых облаков нет.";"Перистые нитевидные, иногда когтевидные, не распространяющиеся по небу.";"4.0";"-16.6";"";"";"";"";"";"";
"11.02.2016 19:00";"-12.7";"751.5";"779.2";"";"65";"Ветер, дующий с юго-запада";"4";"";"";"100%.";"Ливневый снег слабый в срок наблюдения или за последний час. ";"Ливень (ливни).";"Облака покрывали более половины неба в течение всего соответствующего периода.";"";"-10.4";"Кучево-дождевые волокнистые (часто с наковальней), либо с кучево-дождевыми лысыми, кучевыми, слоистыми, разорванно-дождевыми, либо без них.";"70 – 80%.";"600-1000";"Высококучевых, высокослоистых или слоисто-дождевых облаков нет.";"Перисто-слоистые, покрывающие все небо.";"4.0";"-17.9";"0.2";"12";"";"";"";"";
"11.02.2016 13:00";"-12.2";"750.8";"778.3";"";"66";"Ветер, дующий с западо-юго-запада";"3";"";"";"90  или более, но не 100%";"Ливневый снег слабый в срок наблюдения или за последний час. ";"Ливень (ливни).";"Облака покрывали более половины неба в течение всего соответствующего периода.";"";"";"Кучево-дождевые волокнистые (часто с наковальней), либо с кучево-дождевыми лысыми, кучевыми, слоистыми, разорванно-дождевыми, либо без них.";"40%.";"600-1000";"Высококучевые просвечивающие, расположенные на одном уровне.";"Перистые нитевидные, иногда когтевидные, не распространяющиеся по небу.";"20.0";"-17.4";"";"";"";"";"";"";
"11.02.2016 07:00";"-13.9";"749.1";"776.8";"";"75";"Ветер, дующий с запада";"2";"";"";"70 – 80%.";"Ливневый снег слабый в срок наблюдения или за последний час. ";"Ливень (ливни).";"Облака покрывали более половины неба в течение всего соответствующего периода.";"-13.9";"";"Кучево-дождевые волокнистые (часто с наковальней), либо с кучево-дождевыми лысыми, кучевыми, слоистыми, разорванно-дождевыми, либо без них.";"20–30%.";"600-1000";"Высококучевых, высокослоистых или слоисто-дождевых облаков нет.";"Перистые нитевидные, иногда когтевидные, не распространяющиеся по небу.";"4.0";"-17.4";"Следы осадков";"12";"";"";"Ровный слой сухого рассыпчатого снега покрывает поверхность почвы полностью.";"31.0";
"11.02.2016 01:00";"-12.6";"746.5";"773.8";"";"75";"Ветер, дующий с западо-юго-запада";"2";"";"";"90  или более, но не 100%";"Ливневый снег слабый в срок наблюдения или за последний час. ";"Ливень (ливни).";"Облака покрывали более половины неба в течение всего соответствующего периода.";"";"";"Кучево-дождевые волокнистые (часто с наковальней), либо с кучево-дождевыми лысыми, кучевыми, слоистыми, разорванно-дождевыми, либо без них.";"50%.";"600-1000";"Высококучевых, высокослоистых или слоисто-дождевых облаков нет.";"Перистые нитевидные, иногда когтевидные, не распространяющиеся по небу.";"4.0";"-16.1";"";"";"";"";"";"";
"10.02.2016 19:00";"-12.3";"742.6";"769.8";"";"75";"Ветер, дующий с запада";"2";"";"";"100%.";"Ливневый снег слабый в срок наблюдения или за последний час. ";"Ливень (ливни).";"Метель";"";"-10.0";"Кучево-дождевые волокнистые (часто с наковальней), либо с кучево-дождевыми лысыми, кучевыми, слоистыми, разорванно-дождевыми, либо без них.";"60%.";"600-1000";"Высококучевых, высокослоистых или слоисто-дождевых облаков нет.";"Перисто-слоистые, покрывающие все небо.";"4.0";"-15.8";"0.4";"12";"";"";"";"";
"10.02.2016 13:00";"-10.1";"739.1";"766.0";"";"70";"Ветер, дующий с запада";"3";"";"12";"100%.";"Ливневый снег слабый в срок наблюдения или за последний час. ";"Ливень (ливни).";"Метель";"";"";"Кучево-дождевые волокнистые (часто с наковальней), либо с кучево-дождевыми лысыми, кучевыми, слоистыми, разорванно-дождевыми, либо без них.";"40%.";"600-1000";"Высококучевых, высокослоистых или слоисто-дождевых облаков нет.";"Перисто-слоистые, покрывающие все небо.";"20.0";"-14.5";"";"";"";"";"";"";
"10.02.2016 07:00";"-10.3";"735.9";"762.7";"";"70";"Ветер, дующий с запада";"4";"";"13";"90  или более, но не 100%";"Ливневый снег слабый в срок наблюдения или за последний час. ";"Ливень (ливни).";"Метель";"-10.4";"";"Кучево-дождевые волокнистые (часто с наковальней), либо с кучево-дождевыми лысыми, кучевыми, слоистыми, разорванно-дождевыми, либо без них.";"60%.";"600-1000";"Высококучевых, высокослоистых или слоисто-дождевых облаков нет.";"Перистые нитевидные, иногда когтевидные, не распространяющиеся по небу.";"4.0";"-14.7";"0.2";"12";"";"";"Ровный слой сухого рассыпчатого снега покрывает поверхность почвы полностью.";"31.0";
"10.02.2016 01:00";"-7.9";"733.3";"759.7";"";"79";"Ветер, дующий с западо-северо-запада";"1";"";"10";"90  или более, но не 100%";"Ливневый снег слабый в срок наблюдения или за последний час. ";"Ливень (ливни).";"Метель";"";"";"Кучево-дождевые волокнистые (часто с наковальней), либо с кучево-дождевыми лысыми, кучевыми, слоистыми, разорванно-дождевыми, либо без них.";"90  или более, но не 100%";"600-1000";"Высококучевых, высокослоистых или слоисто-дождевых облаков нет.";"Перистых, перисто-кучевых или перисто-слоистых нет.";"4.0";"-11.0";"";"";"";"";"";"";
"09.02.2016 19:00";"-5.8";"729.1";"755.2";"";"74";"Ветер, дующий с западо-юго-запада";"3";"";"";"90  или более, но не 100%";"Состояние неба в общем не изменилось. ";"Ливень (ливни).";"Облака покрывали более половины неба в течение всего соответствующего периода.";"";"-0.2";"Кучево-дождевые волокнистые (часто с наковальней), либо с кучево-дождевыми лысыми, кучевыми, слоистыми, разорванно-дождевыми, либо без них.";"40%.";"600-1000";"Высококучевых, высокослоистых или слоисто-дождевых облаков нет.";"Перистые нитевидные, иногда когтевидные, не распространяющиеся по небу.";"4.0";"-9.7";"0.4";"12";"";"";"";"";
"09.02.2016 13:00";"-1.9";"725.2";"750.8";"";"80";"Ветер, дующий с запада";"3";"";"";"90  или более, но не 100%";"Ливневый снег слабый в срок наблюдения или за последний час. ";"Ливень (ливни).";"Облака покрывали более половины неба в течение всего соответствующего периода.";"";"";"Кучево-дождевые волокнистые (часто с наковальней), либо с кучево-дождевыми лысыми, кучевыми, слоистыми, разорванно-дождевыми, либо без них.";"60%.";"600-1000";"Высококучевые просвечивающие, расположенные на одном уровне.";"Перистые нитевидные, иногда когтевидные, не распространяющиеся по небу.";"20.0";"-5.0";"";"";"";"";"";"";
"09.02.2016 07:00";"-0.4";"725.4";"750.8";"";"92";"Ветер, дующий с запада";"1";"";"";"100%.";"Ливневый снег слабый в срок наблюдения или за последний час. ";"Ливень (ливни).";"Снег и/или другие виды твердых осадков";"-3.7";"";"Кучево-дождевые волокнистые (часто с наковальней), либо с кучево-дождевыми лысыми, кучевыми, слоистыми, разорванно-дождевыми, либо без них.";"100%.";"600-1000";"";"";"4.0";"-1.6";"0.8";"12";"";"";"Ровный слой слежавшегося или мокрого снега покрывает поверхность почвы полностью.";"32.0";
"09.02.2016 01:00";"1.2";"725.6";"750.9";"";"85";"Ветер, дующий с западо-юго-запада";"1";"";"";"100%.";"Снег непрерывный слабый в срок наблюдения. ";"Дождь со снегом или другими видами твердых осадков";"Облака покрывали более половины неба в течение всего соответствующего периода.";"";"";"Слоисто-кучевых, слоистых, кучевых или кучево-дождевых облаков нет.";"100%.";"2000-2500";"Высококучевые, просвечивающие или плотные в двух или более слоях или высококучевые плотные в одном слое, не распространяющиеся но небу, либо высококучевые с высокослоистыми или слоисто-дождевыми.";"";"4.0";"-1.1";"";"";"";"";"";"";
"08.02.2016 19:00";"-3.6";"725.5";"751.2";"";"96";"Штиль, безветрие";"0";"";"";"90  или более, но не 100%";" ";"";"";"";"-1.9";"Кучево-дождевые волокнистые (часто с наковальней), либо с кучево-дождевыми лысыми, кучевыми, слоистыми, разорванно-дождевыми, либо без них.";"70 – 80%.";"600-1000";"Высококучевых, высокослоистых или слоисто-дождевых облаков нет.";"Перистые нитевидные, иногда когтевидные, не распространяющиеся по небу.";"4.0";"-4.1";"0.8";"12";"";"";"";"";
"08.02.2016 13:00";"-3.4";"728.5";"754.3";"";"90";"Ветер, дующий с востока";"1";"";"";"100%.";"Дымка. ";"Ливень (ливни).";"Снег и/или другие виды твердых осадков";"";"";"Кучево-дождевые волокнистые (часто с наковальней), либо с кучево-дождевыми лысыми, кучевыми, слоистыми, разорванно-дождевыми, либо без них.";"50%.";"600-1000";"Высокослоистые непросвечивающие или слоисто-дождевые.";"";"4.0";"-4.8";"";"";"";"";"";"";
"08.02.2016 07:00";"-7.0";"732.8";"759.2";"";"93";"Штиль, безветрие";"0";"";"";"100%.";"Ливневый снег умеренный или сильный в срок наблюдения или за последний час. ";"Ливень (ливни).";"Облака покрывали более половины неба в течение одной части соответствующего периода и половину или менее в течение другой части периода.";"-8.6";"";"Кучево-дождевые волокнистые (часто с наковальней), либо с кучево-дождевыми лысыми, кучевыми, слоистыми, разорванно-дождевыми, либо без них.";"100%.";"600-1000";"";"";"";"-7.9";"0.2";"12";"";"";"Ровный слой сухого рассыпчатого снега покрывает поверхность почвы полностью.";"32.0";
"08.02.2016 01:00";"-7.3";"736.6";"763.1";"";"91";"Штиль, безветрие";"0";"";"";"70 – 80%.";" ";"";"";"";"";"Слоисто-кучевых, слоистых, кучевых или кучево-дождевых облаков нет.";"70 – 80%.";"2000-2500";"Высококучевые просвечивающие, расположенные на одном уровне.";"Перистых, перисто-кучевых или перисто-слоистых нет.";"4.0";"-8.6";"";"";"";"";"";"";
"07.02.2016 19:00";"-3.6";"738.3";"764.5";"";"74";"Ветер, дующий с юго-запада";"2";"";"";"70 – 80%.";"Состояние неба в общем не изменилось. ";"Ливень (ливни).";"Облака покрывали более половины неба в течение всего соответствующего периода.";"";"-0.3";"Кучево-дождевые волокнистые (часто с наковальней), либо с кучево-дождевыми лысыми, кучевыми, слоистыми, разорванно-дождевыми, либо без них.";"20–30%.";"600-1000";"Клочья (часто чечевицеобразные) высококучевых просвечивающих, непрерывно изменяющихся; расположены на одном или более уровнях.";"Перистых, перисто-кучевых или перисто-слоистых нет.";"4.0";"-7.6";"Следы осадков";"12";"";"";"";"";
"07.02.2016 13:00";"-0.4";"737.2";"763.1";"";"72";"Ветер, дующий с запада";"2";"";"10";"70 – 80%.";"Ливневый снег слабый в срок наблюдения или за последний час. ";"Ливень (ливни).";"Облака покрывали более половины неба в течение всего соответствующего периода.";"";"";"Кучево-дождевые волокнистые (часто с наковальней), либо с кучево-дождевыми лысыми, кучевыми, слоистыми, разорванно-дождевыми, либо без них.";"70 – 80%.";"600-1000";"Высококучевых, высокослоистых или слоисто-дождевых облаков нет.";"Перистых, перисто-кучевых или перисто-слоистых нет.";"20.0";"-4.8";"";"";"";"";"";"";
"07.02.2016 07:00";"-1.0";"733.4";"759.1";"";"98";"Ветер, дующий с западо-юго-запада";"2";"";"10";"100%.";"Ливневый снег слабый в срок наблюдения или за последний час. ";"Ливень (ливни).";"Облака покрывали более половины неба в течение всего соответствующего периода.";"-1.7";"";"Кучево-дождевые волокнистые (часто с наковальней), либо с кучево-дождевыми лысыми, кучевыми, слоистыми, разорванно-дождевыми, либо без них.";"100%.";"600-1000";"";"";"4.0";"-1.3";"5.0";"12";"";"";"Ровный слой слежавшегося или мокрого снега покрывает поверхность почвы полностью.";"32.0";
"07.02.2016 01:00";"-0.2";"731.5";"757.1";"";"94";"Ветер, дующий с западо-юго-запада";"4";"";"";"100%.";"Ливневый снег слабый в срок наблюдения или за последний час. ";"Ливень (ливни).";"Облака покрывали более половины неба в течение всего соответствующего периода.";"";"";"Кучево-дождевые волокнистые (часто с наковальней), либо с кучево-дождевыми лысыми, кучевыми, слоистыми, разорванно-дождевыми, либо без них.";"100%.";"600-1000";"";"";"4.0";"-1.1";"";"";"";"";"";"";
"06.02.2016 19:00";"-1.6";"734.0";"759.9";"";"94";"Ветер, дующий с юго-запада";"2";"";"";"100%.";"Ливневый снег умеренный или сильный в срок наблюдения или за последний час. ";"Ливень (ливни).";"Облака покрывали более половины неба в течение всего соответствующего периода.";"";"-1.0";"Кучево-дождевые волокнистые (часто с наковальней), либо с кучево-дождевыми лысыми, кучевыми, слоистыми, разорванно-дождевыми, либо без них.";"100%.";"600-1000";"";"";"";"-2.4";"4.0";"12";"";"";"";"";
"06.02.2016 13:00";"-2.3";"737.8";"763.9";"";"92";"Ветер, дующий с юго-запада";"3";"";"";"100%.";"Ливневый снег умеренный или сильный в срок наблюдения или за последний час. ";"Ливень (ливни).";"Метель";"";"";"Кучево-дождевые волокнистые (часто с наковальней), либо с кучево-дождевыми лысыми, кучевыми, слоистыми, разорванно-дождевыми, либо без них.";"100%.";"600-1000";"";"";"0.5";"-3.5";"";"";"";"";"";"";
"06.02.2016 07:00";"-4.0";"738.1";"764.4";"";"96";"Ветер, дующий с юго-запада";"4";"";"";"100%.";"Ливневый снег слабый в срок наблюдения или за последний час. ";"Ливень (ливни).";"Метель";"";"";"Кучево-дождевые волокнистые (часто с наковальней), либо с кучево-дождевыми лысыми, кучевыми, слоистыми, разорванно-дождевыми, либо без них.";"100%.";"600-1000";"";"";"4.0";"-4.5";"2.0";"12";"";"";"";"";
"06.02.2016 01:00";"-2.8";"738.4";"764.5";"";"58";"Ветер, дующий с юго-запада";"5";"10";"14";"90  или более, но не 100%";"Ливневый снег слабый в срок наблюдения или за последний час. ";"Метель";"Облака покрывали более половины неба в течение всего соответствующего периода.";"";"";"Кучево-дождевые волокнистые (часто с наковальней), либо с кучево-дождевыми лысыми, кучевыми, слоистыми, разорванно-дождевыми, либо без них.";"50%.";"600-1000";"Высококучевые просвечивающие, расположенные на одном уровне.";"Перистых, перисто-кучевых или перисто-слоистых нет.";"4.0";"-9.9";"";"";"";"";"";"";
"05.02.2016 19:00";"-3.4";"740.5";"766.8";"";"40";"Ветер, дующий с юго-юго-запада";"6";"13";"15";"100%.";"Слабая или умеренная снежная низовая метель в целом высокая (выше уровня глаз наблюдателя). ";"Метель";"Облака покрывали более половины неба в течение одной части соответствующего периода и половину или менее в течение другой части периода.";"";"-2.5";"Слоисто-кучевых, слоистых, кучевых или кучево-дождевых облаков нет.";"100%.";"2000-2500";"Высококучевые, просвечивающие или плотные в двух или более слоях или высококучевые плотные в одном слое, не распространяющиеся но небу, либо высококучевые с высокослоистыми или слоисто-дождевыми.";"";"4.0";"-15.3";"Осадков нет";"12";"";"";"";"";
"05.02.2016 13:00";"-3.8";"743.2";"769.6";"";"43";"Ветер, дующий с юго-юго-запада";"7";"14";"15";"20–30%.";"Слабая или умеренная снежная низовая метель в целом высокая (выше уровня глаз наблюдателя). ";"Метель";"Облака покрывали половину неба или менее в течение всего соответствующего периода.";"";"";"Слоисто-кучевых, слоистых, кучевых или кучево-дождевых облаков нет.";"Облаков нет.";"2500 или более, или облаков нет.";"Высококучевых, высокослоистых или слоисто-дождевых облаков нет.";"Перистые нитевидные, иногда когтевидные, не распространяющиеся по небу.";"50.0";"-14.8";"";"";"";"";"";"";
"05.02.2016 07:00";"-8.9";"746.4";"773.5";"";"53";"Ветер, дующий с западо-юго-запада";"2";"";"";"Облаков нет.";" ";"";"";"-18.0";"";"";"";"";"";"";"4.0";"-16.8";"Осадков нет";"12";"";"";"Ровный слой слежавшегося или мокрого снега покрывает поверхность почвы полностью.";"22.0";
"05.02.2016 01:00";"-16.0";"748.9";"776.8";"";"95";"Штиль, безветрие";"0";"";"";"Облаков нет.";" ";"";"";"";"";"";"";"";"";"";"4.0";"-16.6";"";"";"";"";"";"";
"04.02.2016 19:00";"-10.2";"751.5";"778.9";"";"65";"Штиль, безветрие";"0";"";"";"20–30%.";" ";"";"";"";"-4.5";"Слоисто-кучевых, слоистых, кучевых или кучево-дождевых облаков нет.";"Облаков нет.";"2500 или более, или облаков нет.";"Высококучевых, высокослоистых или слоисто-дождевых облаков нет.";"Перистые нитевидные, иногда когтевидные, не распространяющиеся по небу.";"4.0";"-15.5";"Осадков нет";"12";"";"";"";"";
"04.02.2016 13:00";"-5.9";"752.8";"779.8";"";"52";"Ветер, дующий с запада";"1";"";"10";"Облаков нет.";" ";"";"";"";"";"";"";"";"";"";"50.0";"-14.3";"";"";"";"";"";"";
"04.02.2016 07:00";"-11.3";"753.4";"781.0";"";"70";"Ветер, дующий с юго-юго-запада";"2";"";"10";"Облаков нет.";"Состояние неба в общем не изменилось. ";"Метель";"Облака покрывали половину неба или менее в течение всего соответствующего периода.";"-11.8";"";"";"";"";"";"";"4.0";"-15.7";"Осадков нет";"12";"";"";"Ровный слой слежавшегося или мокрого снега покрывает поверхность почвы полностью.";"22.0";
"04.02.2016 01:00";"-11.2";"753.7";"781.2";"";"75";"Ветер, дующий с юго-запада";"3";"";"";"Облаков нет.";" ";"";"";"";"";"";"";"";"";"";"4.0";"-14.8";"";"";"";"";"";"";
"03.02.2016 19:00";"-10.8";"754.3";"781.9";"";"80";"Ветер, дующий с севера";"1";"";"";"20–30%.";" ";"";"";"";"-8.0";"Слоисто-кучевых, слоистых, кучевых или кучево-дождевых облаков нет.";"20–30%.";"2000-2500";"Высококучевые просвечивающие, расположенные на одном уровне.";"Перистых, перисто-кучевых или перисто-слоистых нет.";"4.0";"-13.6";"Следы осадков";"12";"";"";"";"";
"03.02.2016 13:00";"-9.3";"754.3";"781.7";"";"64";"Ветер, дующий с юго-запада";"4";"";"10";"90  или более, но не 100%";"Состояние неба в общем не изменилось. ";"Ливень (ливни).";"Облака покрывали более половины неба в течение всего соответствующего периода.";"";"";"Слоисто-кучевых, слоистых, кучевых или кучево-дождевых облаков нет.";"Облаков нет.";"2500 или более, или облаков нет.";"Высококучевых, высокослоистых или слоисто-дождевых облаков нет.";"Перистые нитевидные, иногда когтевидные, не распространяющиеся по небу.";"50.0";"-15.0";"";"";"";"";"";"";
"03.02.2016 07:00";"-13.3";"752.9";"780.7";"";"80";"Ветер, дующий с юго-запада";"5";"";"";"70 – 80%.";"Состояние неба в общем не изменилось. ";"Ливень (ливни).";"Облака покрывали более половины неба в течение всего соответствующего периода.";"-13.4";"";"Слоисто-кучевых, слоистых, кучевых или кучево-дождевых облаков нет.";"20–30%.";"2000-2500";"Клочья (часто чечевицеобразные) высококучевых просвечивающих, непрерывно изменяющихся; расположены на одном или более уровнях.";"Перистые нитевидные, иногда когтевидные, не распространяющиеся по небу.";"4.0";"-16.0";"0.2";"12";"";"";"Ровный слой сухого рассыпчатого снега покрывает поверхность почвы полностью.";"22.0";
"03.02.2016 01:00";"-11.3";"752.1";"779.6";"";"80";"Ветер, дующий с юго-запада";"5";"";"";"90  или более, но не 100%";"Ливневый снег слабый в срок наблюдения или за последний час. ";"Ливень (ливни).";"Облака покрывали более половины неба в течение всего соответствующего периода.";"";"";"Кучево-дождевые волокнистые (часто с наковальней), либо с кучево-дождевыми лысыми, кучевыми, слоистыми, разорванно-дождевыми, либо без них.";"70 – 80%.";"600-1000";"Высококучевых, высокослоистых или слоисто-дождевых облаков нет.";"Перистые нитевидные, иногда когтевидные, не распространяющиеся по небу.";"4.0";"-14.1";"";"";"";"";"";"";
"02.02.2016 19:00";"-10.3";"750.8";"778.2";"";"80";"Ветер, дующий с юго-запада";"4";"";"";"70 – 80%.";"Состояние неба в общем не изменилось. ";"Ливень (ливни).";"Облака покрывали более половины неба в течение одной части соответствующего периода и половину или менее в течение другой части периода.";"";"-8.0";"Кучево-дождевые волокнистые (часто с наковальней), либо с кучево-дождевыми лысыми, кучевыми, слоистыми, разорванно-дождевыми, либо без них.";"40%.";"600-1000";"Клочья (часто чечевицеобразные) высококучевых просвечивающих, непрерывно изменяющихся; расположены на одном или более уровнях.";"Перистые нитевидные, иногда когтевидные, не распространяющиеся по небу.";"4.0";"-13.1";"0.2";"12";"";"";"";"";
"02.02.2016 13:00";"-9.3";"750.0";"777.2";"";"73";"Ветер, дующий с юго-запада";"4";"";"10";"100%.";"Ливневый снег слабый в срок наблюдения или за последний час. ";"Ливень (ливни).";"Метель";"";"";"Кучево-дождевые волокнистые (часто с наковальней), либо с кучево-дождевыми лысыми, кучевыми, слоистыми, разорванно-дождевыми, либо без них.";"50%.";"600-1000";"Высококучевые просвечивающие, расположенные на одном уровне.";"Перисто-слоистые, покрывающие все небо.";"20.0";"-13.3";"";"";"";"";"";"";
"02.02.2016 07:00";"-11.7";"749.3";"776.8";"";"80";"Ветер, дующий с западо-юго-запада";"2";"";"";"90  или более, но не 100%";"Ливневый снег слабый в срок наблюдения или за последний час. ";"Ливень (ливни).";"Облака покрывали более половины неба в течение всего соответствующего периода.";"-11.7";"";"Кучево-дождевые волокнистые (часто с наковальней), либо с кучево-дождевыми лысыми, кучевыми, слоистыми, разорванно-дождевыми, либо без них.";"50%.";"600-1000";"Высококучевые просвечивающие, расположенные на одном уровне.";"Перистых, перисто-кучевых или перисто-слоистых нет.";"4.0";"-14.5";"0.4";"12";"";"";"Ровный слой сухого рассыпчатого снега покрывает поверхность почвы полностью.";"22.0";
"02.02.2016 01:00";"-10.0";"749.2";"776.5";"";"60";"Ветер, дующий с юго-запада";"4";"";"10";"100%.";" ";"";"";"";"";"Слоисто-кучевых, слоистых, кучевых или кучево-дождевых облаков нет.";"100%.";"2000-2500";"Высококучевые, просвечивающие или плотные в двух или более слоях или высококучевые плотные в одном слое, не распространяющиеся но небу, либо высококучевые с высокослоистыми или слоисто-дождевыми.";"";"4.0";"-16.3";"";"";"";"";"";"";
"01.02.2016 19:00";"-8.6";"749.6";"776.7";"";"54";"Ветер, дующий с юго-запада";"5";"";"10";"100%.";"Слабый или умеренный поземок в целом низкий (ниже уровня глаз наблюдателя). ";"Метель";"Облака покрывали более половины неба в течение всего соответствующего периода.";"";"-7.6";"Слоисто-кучевых, слоистых, кучевых или кучево-дождевых облаков нет.";"100%.";"2000-2500";"Высококучевые, просвечивающие или плотные в двух или более слоях или высококучевые плотные в одном слое, не распространяющиеся но небу, либо высококучевые с высокослоистыми или слоисто-дождевыми.";"";"4.0";"-16.4";"Осадков нет";"12";"";"";"";"";
"01.02.2016 13:00";"-7.7";"750.1";"777.2";"";"40";"Ветер, дующий с юго-запада";"3";"";"";"100%.";" ";"";"";"";"";"Слоисто-кучевых, слоистых, кучевых или кучево-дождевых облаков нет.";"100%.";"2000-2500";"Высококучевые, просвечивающие или плотные в двух или более слоях или высококучевые плотные в одном слое, не распространяющиеся но небу, либо высококучевые с высокослоистыми или слоисто-дождевыми.";"";"20.0";"-19.1";"";"";"";"";"";"";
"01.02.2016 07:00";"-9.8";"750.4";"777.7";"";"47";"Ветер, дующий с юго-запада";"4";"";"10";"90  или более, но не 100%";" ";"";"";"-21.8";"";"Слоисто-кучевых, слоистых, кучевых или кучево-дождевых облаков нет.";"Облаков нет.";"2500 или более, или облаков нет.";"Высококучевых, высокослоистых или слоисто-дождевых облаков нет.";"Перистые нитевидные, иногда когтевидные, не распространяющиеся по небу.";"4.0";"-19.1";"Осадков нет";"12";"";"";"Ровный слой слежавшегося или мокрого снега покрывает поверхность почвы полностью.";"22.0";
"01.02.2016 01:00";"-21.6";"751.2";"779.8";"";"90";"Ветер, дующий с северо-востока";"1";"";"";"60%.";"Дымка. ";"Облака покрывали более половины неба в течение одной части соответствующего периода и половину или менее в течение другой части периода.";"Облака покрывали более половины неба в течение одной части соответствующего периода и половину или менее в течение другой части периода.";"";"";"Слоисто-кучевых, слоистых, кучевых или кучево-дождевых облаков нет.";"Облаков нет.";"2500 или более, или облаков нет.";"Высококучевых, высокослоистых или слоисто-дождевых облаков нет.";"Перистые нитевидные, иногда когтевидные, не распространяющиеся по небу.";"";"-22.8";"";"";"";"";"";"";
"31.01.2016 19:00";"-19.5";"752.3";"780.7";"";"90";"Штиль, безветрие";"0";"";"";"Облаков нет.";"Дымка. ";"Облака покрывали половину неба или менее в течение всего соответствующего периода.";"Облака покрывали половину неба или менее в течение всего соответствующего периода.";"";"-16.1";"";"";"";"";"";"";"-20.7";"Осадков нет";"12";"";"";"";"";
"31.01.2016 13:00";"-19.6";"752.5";"781.0";"";"85";"Ветер, дующий с востоко-северо-востока";"1";"";"";"Облаков нет.";"Дымка. ";"Облака покрывали половину неба или менее в течение всего соответствующего периода.";"Облака покрывали половину неба или менее в течение всего соответствующего периода.";"";"";"";"";"";"";"";"4.0";"-21.5";"";"";"";"";"";"";
"31.01.2016 07:00";"-26.0";"752.9";"782.2";"";"90";"Штиль, безветрие";"0";"";"";"Облаков нет.";"Дымка. ";"Облака покрывали половину неба или менее в течение всего соответствующего периода.";"Облака покрывали половину неба или менее в течение всего соответствующего периода.";"-26.0";"";"";"";"";"";"";"";"-27.1";"Осадков нет";"12";"";"";"Ровный слой сухого рассыпчатого снега покрывает поверхность почвы полностью.";"22.0";
"31.01.2016 01:00";"-22.9";"753.3";"782.2";"";"89";"Штиль, безветрие";"0";"";"";"Облаков нет.";"Дымка. ";"Облака покрывали половину неба или менее в течение всего соответствующего периода.";"Облака покрывали половину неба или менее в течение всего соответствующего периода.";"";"";"";"";"";"";"";"";"-24.2";"";"";"";"";"";"";
"30.01.2016 19:00";"-20.6";"753.7";"782.4";"";"90";"Штиль, безветрие";"0";"";"";"Облаков нет.";"Дымка. ";"Облака покрывали половину неба или менее в течение всего соответствующего периода.";"Облака покрывали половину неба или менее в течение всего соответствующего периода.";"";"-17.4";"";"";"";"";"";"";"-21.8";"Осадков нет";"12";"";"";"";"";
"30.01.2016 13:00";"-20.5";"753.6";"782.1";"";"85";"Штиль, безветрие";"0";"";"";"Облаков нет.";"Дымка. ";"Облака покрывали половину неба или менее в течение всего соответствующего периода.";"Облака покрывали половину неба или менее в течение всего соответствующего периода.";"";"";"";"";"";"";"";"2.0";"-22.4";"";"";"";"";"";"";
"30.01.2016 07:00";"-27.5";"753.2";"782.5";"";"85";"Штиль, безветрие";"0";"";"";"Облаков нет.";"Дымка. ";"Облака покрывали половину неба или менее в течение всего соответствующего периода.";"Облака покрывали половину неба или менее в течение всего соответствующего периода.";"-27.5";"";"";"";"";"";"";"";"-29.3";"Осадков нет";"12";"";"";"Ровный слой сухого рассыпчатого снега покрывает поверхность почвы полностью.";"22.0";
"30.01.2016 01:00";"-25.3";"753.3";"782.4";"";"89";"Штиль, безветрие";"0";"";"";"Облаков нет.";"Дымка. ";"Облака покрывали половину неба или менее в течение всего соответствующего периода.";"Облака покрывали половину неба или менее в течение всего соответствующего периода.";"";"";"";"";"";"";"";"";"-26.6";"";"";"";"";"";"";
"29.01.2016 19:00";"-23.9";"754.5";"783.5";"";"85";"Ветер, дующий с западо-юго-запада";"1";"";"";"20–30%.";"Дымка. ";"Облака покрывали половину неба или менее в течение всего соответствующего периода.";"Облака покрывали половину неба или менее в течение всего соответствующего периода.";"";"-20.0";"Слоисто-кучевых, слоистых, кучевых или кучево-дождевых облаков нет.";"Облаков нет.";"2500 или более, или облаков нет.";"Высококучевых, высокослоистых или слоисто-дождевых облаков нет.";"Перистые нитевидные, иногда когтевидные, не распространяющиеся по небу.";"";"-25.7";"Осадков нет";"12";"";"";"";"";
"29.01.2016 13:00";"-22.5";"755.0";"783.8";"";"85";"Ветер, дующий с востоко-северо-востока";"1";"";"";"Облаков нет.";"Дымка. ";"Облака покрывали половину неба или менее в течение всего соответствующего периода.";"Облака покрывали половину неба или менее в течение всего соответствующего периода.";"";"";"";"";"";"";"";"2.0";"-24.3";"";"";"";"";"";"";
"29.01.2016 07:00";"-27.8";"756.1";"785.6";"";"84";"Ветер, дующий с юго-запада";"1";"";"";"Облаков нет.";" ";"";"";"-28.0";"";"";"";"";"";"";"4.0";"-29.7";"Осадков нет";"12";"";"";"Ровный слой сухого рассыпчатого снега покрывает поверхность почвы полностью.";"22.0";
"29.01.2016 01:00";"-26.6";"756.1";"785.6";"";"85";"Ветер, дующий с западо-юго-запада";"1";"";"";"Облаков нет.";" ";"";"";"";"";"";"";"";"";"";"4.0";"-28.4";"";"";"";"";"";"";
"28.01.2016 19:00";"-25.8";"756.5";"785.9";"";"85";"Ветер, дующий с юго-запада";"1";"";"";"Облаков нет.";" ";"";"";"";"-22.3";"";"";"";"";"";"4.0";"-27.6";"Осадков нет";"12";"";"";"";"";
"28.01.2016 13:00";"-25.0";"755.7";"784.9";"";"85";"Штиль, безветрие";"0";"";"";"Облаков нет.";"Дымка. ";"Облака покрывали половину неба или менее в течение всего соответствующего периода.";"Облака покрывали половину неба или менее в течение всего соответствующего периода.";"";"";"";"";"";"";"";"2.0";"-26.8";"";"";"";"";"";"";
"28.01.2016 07:00";"-28.4";"754.8";"784.3";"";"85";"Ветер, дующий с западо-юго-запада";"1";"";"";"20–30%.";"Алмазная пыль (с туманом или без него). ";"Облака покрывали более половины неба в течение одной части соответствующего периода и половину или менее в течение другой части периода.";"Облака покрывали более половины неба в течение одной части соответствующего периода и половину или менее в течение другой части периода.";"-28.8";"";"Слоисто-кучевых, слоистых, кучевых или кучево-дождевых облаков нет.";"Облаков нет.";"2500 или более, или облаков нет.";"Высококучевых, высокослоистых или слоисто-дождевых облаков нет.";"Перистые нитевидные, иногда когтевидные, не распространяющиеся по небу.";"4.0";"-30.2";"Осадков нет";"12";"";"";"Ровный слой сухого рассыпчатого снега покрывает поверхность почвы полностью.";"22.0";
"28.01.2016 01:00";"-27.4";"754.5";"783.9";"";"90";"Штиль, безветрие";"0";"";"";"40%.";" ";"";"";"";"";"Слоисто-кучевых, слоистых, кучевых или кучево-дождевых облаков нет.";"Облаков нет.";"2500 или более, или облаков нет.";"Высококучевых, высокослоистых или слоисто-дождевых облаков нет.";"Перистые нитевидные, иногда когтевидные, не распространяющиеся по небу.";"4.0";"-28.5";"";"";"";"";"";"";
"27.01.2016 19:00";"-24.7";"753.7";"782.8";"";"85";"Ветер, дующий с западо-юго-запада";"1";"";"";"20–30%.";"Состояние неба в общем не изменилось. ";"Снег и/или другие виды твердых осадков";"Облака покрывали более половины неба в течение одной части соответствующего периода и половину или менее в течение другой части периода.";"";"-20.0";"Слоисто-кучевых, слоистых, кучевых или кучево-дождевых облаков нет.";"Облаков нет.";"2500 или более, или облаков нет.";"Высококучевых, высокослоистых или слоисто-дождевых облаков нет.";"Перистые нитевидные, иногда когтевидные, не распространяющиеся по небу.";"4.0";"-26.5";"Следы осадков";"12";"";"";"";"";
"27.01.2016 13:00";"-20.4";"752.5";"781.0";"";"85";"Ветер, дующий с северо-северо-востока";"1";"";"";"100%.";"Снег непрерывный слабый в срок наблюдения. ";"Ливень (ливни).";"Снег и/или другие виды твердых осадков";"";"";"Слоисто-кучевых, слоистых, кучевых или кучево-дождевых облаков нет.";"20–30%.";"2000-2500";"Высококучевые просвечивающие, расположенные на одном уровне.";"Перистые (часто в виде полос) и перисто-слоистые, распространяющиеся по небу и в целом обычно уплотняющиеся, но сплошная пелена поднимается над горизонтом менее чем на 45°.";"10.0";"-22.3";"";"";"";"";"";"";
"27.01.2016 07:00";"-23.9";"750.7";"779.6";"";"85";"Ветер, дующий с юго-запада";"1";"";"";"90  или более, но не 100%";"Ливневый снег слабый в срок наблюдения или за последний час. ";"Снег и/или другие виды твердых осадков";"Ливень (ливни).";"-24.2";"";"Кучево-дождевые волокнистые (часто с наковальней), либо с кучево-дождевыми лысыми, кучевыми, слоистыми, разорванно-дождевыми, либо без них.";"50%.";"600-1000";"Высококучевые просвечивающие, расположенные на одном уровне.";"Перистые нитевидные, иногда когтевидные, не распространяющиеся по небу.";"4.0";"-25.7";"Следы осадков";"12";"";"";"Ровный слой сухого рассыпчатого снега покрывает поверхность почвы полностью.";"22.0";
"27.01.2016 01:00";"-19.7";"749.8";"778.2";"";"85";"Штиль, безветрие";"0";"";"";"100%.";" ";"";"";"";"";"Слоисто-кучевых, слоистых, кучевых или кучево-дождевых облаков нет.";"Облаков нет.";"2500 или более, или облаков нет.";"Высококучевых, высокослоистых или слоисто-дождевых облаков нет.";"Перисто-слоистые, покрывающие все небо.";"4.0";"-21.6";"";"";"";"";"";"";
"26.01.2016 19:00";"-13.4";"749.3";"776.9";"";"70";"Ветер, дующий с юго-запада";"1";"";"";"Облаков нет.";" ";"";"";"";"-12.2";"";"";"";"";"";"4.0";"-17.7";"Осадков нет";"12";"";"";"";"";
"26.01.2016 13:00";"-15.6";"752.5";"780.6";"";"75";"Ветер, дующий с востоко-северо-востока";"1";"";"";"20–30%.";" ";"";"";"";"";"Слоисто-кучевых, слоистых, кучевых или кучево-дождевых облаков нет.";"Облаков нет.";"2500 или более, или облаков нет.";"Высококучевых, высокослоистых или слоисто-дождевых облаков нет.";"Перистые нитевидные, иногда когтевидные, не распространяющиеся по небу.";"10.0";"-19.0";"";"";"";"";"";"";
"26.01.2016 07:00";"-24.9";"755.8";"785.0";"";"89";"Штиль, безветрие";"0";"";"";"40%.";" ";"";"";"-25.0";"";"Слоисто-кучевых, слоистых, кучевых или кучево-дождевых облаков нет.";"Облаков нет.";"2500 или более, или облаков нет.";"Высококучевых, высокослоистых или слоисто-дождевых облаков нет.";"Перистые нитевидные, иногда когтевидные, не распространяющиеся по небу.";"4.0";"-26.2";"Осадков нет";"12";"";"";"Ровный слой сухого рассыпчатого снега покрывает поверхность почвы полностью.";"22.0";
"26.01.2016 01:00";"-22.8";"758.0";"787.0";"";"90";"Ветер, дующий с юго-запада";"1";"";"";"70 – 80%.";" ";"";"";"";"";"Слоисто-кучевых, слоистых, кучевых или кучево-дождевых облаков нет.";"Облаков нет.";"2500 или более, или облаков нет.";"Высококучевых, высокослоистых или слоисто-дождевых облаков нет.";"Перистые нитевидные, иногда когтевидные, не распространяющиеся по небу.";"4.0";"-24.0";"";"";"";"";"";"";
"25.01.2016 19:00";"-21.4";"759.4";"788.2";"";"85";"Ветер, дующий с западо-юго-запада";"1";"";"";"70 – 80%.";" ";"";"";"";"-17.3";"Слоисто-кучевых, слоистых, кучевых или кучево-дождевых облаков нет.";"Облаков нет.";"2500 или более, или облаков нет.";"Высококучевых, высокослоистых или слоисто-дождевых облаков нет.";"Перистые нитевидные, иногда когтевидные, не распространяющиеся по небу.";"4.0";"-23.2";"0.2";"12";"";"";"";"";
"25.01.2016 13:00";"-17.8";"759.4";"787.8";"";"75";"Ветер, дующий с востоко-северо-востока";"1";"";"";"20–30%.";"Состояние неба в общем не изменилось. ";"Снег и/или другие виды твердых осадков";"Облака покрывали более половины неба в течение одной части соответствующего периода и половину или менее в течение другой части периода.";"";"";"Кучево-дождевые волокнистые (часто с наковальней), либо с кучево-дождевыми лысыми, кучевыми, слоистыми, разорванно-дождевыми, либо без них.";"20–30%.";"600-1000";"Высококучевых, высокослоистых или слоисто-дождевых облаков нет.";"Перистых, перисто-кучевых или перисто-слоистых нет.";"20.0";"-21.2";"";"";"";"";"";"";
"25.01.2016 07:00";"-20.8";"759.6";"788.5";"";"90";"Штиль, безветрие";"0";"";"";"100%.";"Снег непрерывный слабый в срок наблюдения. ";"Снег и/или другие виды твердых осадков";"Облака покрывали более половины неба в течение одной части соответствующего периода и половину или менее в течение другой части периода.";"-22.2";"";"Слоисто-кучевых, слоистых, кучевых или кучево-дождевых облаков нет.";"100%.";"2500 или более, или облаков нет.";"Высококучевые, просвечивающие или плотные в двух или более слоях или высококучевые плотные в одном слое, не распространяющиеся но небу, либо высококучевые с высокослоистыми или слоисто-дождевыми.";"";"4.0";"-22.0";"Следы осадков";"12";"";"";"Ровный слой сухого рассыпчатого снега покрывает поверхность почвы полностью.";"22.0";
"25.01.2016 01:00";"-18.2";"759.7";"788.3";"";"80";"Ветер, дующий с западо-юго-запада";"2";"";"";"60%.";" ";"";"";"";"";"Слоисто-кучевых, слоистых, кучевых или кучево-дождевых облаков нет.";"Облаков нет.";"2000-2500";"Высококучевые просвечивающие, расположенные на одном уровне.";"Перистых, перисто-кучевых или перисто-слоистых нет.";"4.0";"-20.8";"";"";"";"";"";"";
"24.01.2016 19:00";"-15.4";"759.9";"788.1";"";"80";"Ветер, дующий с западо-юго-запада";"4";"";"";"60%.";" ";"";"";"";"-13.0";"Слоисто-кучевых, слоистых, кучевых или кучево-дождевых облаков нет.";"Облаков нет.";"2500 или более, или облаков нет.";"Высококучевых, высокослоистых или слоисто-дождевых облаков нет.";"Перистые нитевидные, иногда когтевидные, не распространяющиеся по небу.";"4.0";"-18.1";"Следы осадков";"12";"";"";"";"";
"24.01.2016 13:00";"-13.7";"760.0";"788.1";"";"75";"Ветер, дующий с юго-запада";"3";"";"";"20–30%.";"Состояние неба в общем не изменилось. ";"Снег и/или другие виды твердых осадков";"Облака покрывали более половины неба в течение одной части соответствующего периода и половину или менее в течение другой части периода.";"";"";"Слоисто-кучевых, слоистых, кучевых или кучево-дождевых облаков нет.";"Облаков нет.";"2500 или более, или облаков нет.";"Высококучевых, высокослоистых или слоисто-дождевых облаков нет.";"Перистые нитевидные, иногда когтевидные, не распространяющиеся по небу.";"50.0";"-17.2";"";"";"";"";"";"";
"24.01.2016 07:00";"-15.6";"758.4";"786.7";"";"80";"Ветер, дующий с западо-юго-запада";"3";"";"";"100%.";"Снег непрерывный слабый в срок наблюдения. ";"Снег и/или другие виды твердых осадков";"Метель";"-15.6";"";"Слоисто-кучевых, слоистых, кучевых или кучево-дождевых облаков нет.";"Облаков нет.";"2500 или более, или облаков нет.";"Высококучевых, высокослоистых или слоисто-дождевых облаков нет.";"Перисто-слоистые, покрывающие все небо.";"4.0";"-18.3";"Следы осадков";"12";"";"";"Ровный слой сухого рассыпчатого снега покрывает поверхность почвы полностью.";"21.0";
"24.01.2016 01:00";"-10.5";"756.3";"783.8";"";"65";"Ветер, дующий с запада";"2";"";"";"20–30%.";" ";"";"";"";"";"Слоисто-кучевых, слоистых, кучевых или кучево-дождевых облаков нет.";"Облаков нет.";"2500 или более, или облаков нет.";"Высококучевых, высокослоистых или слоисто-дождевых облаков нет.";"Перистые нитевидные, иногда когтевидные, не распространяющиеся по небу.";"4.0";"-15.8";"";"";"";"";"";"";
"23.01.2016 19:00";"-14.2";"756.4";"784.3";"";"90";"Ветер, дующий с юго-запада";"1";"";"";"Облаков нет.";"Дымка. ";"Облака покрывали половину неба или менее в течение всего соответствующего периода.";"Облака покрывали половину неба или менее в течение всего соответствующего периода.";"";"-12.1";"";"";"";"";"";"";"-15.5";"Осадков нет";"12";"";"";"";"";
"23.01.2016 13:00";"-15.8";"757.6";"785.9";"";"85";"Ветер, дующий с востока";"1";"";"";"Облаков нет.";"Дымка. ";"Облака покрывали половину неба или менее в течение всего соответствующего периода.";"Облака покрывали половину неба или менее в течение всего соответствующего периода.";"";"";"";"";"";"";"";"";"-17.7";"";"";"";"";"";"";
"23.01.2016 07:00";"-22.5";"760.0";"789.1";"";"90";"Штиль, безветрие";"0";"";"";"Облаков нет.";"Дымка. ";"Облака покрывали половину неба или менее в течение всего соответствующего периода.";"Облака покрывали половину неба или менее в течение всего соответствующего периода.";"-22.7";"";"";"";"";"";"";"";"-23.7";"Осадков нет";"12";"";"";"Ровный слой сухого рассыпчатого снега покрывает поверхность почвы полностью.";"21.0";
"23.01.2016 01:00";"-21.1";"762.5";"791.5";"";"90";"Штиль, безветрие";"0";"";"";"Облаков нет.";"Дымка. ";"Облака покрывали половину неба или менее в течение всего соответствующего периода.";"Облака покрывали половину неба или менее в течение всего соответствующего периода.";"";"";"";"";"";"";"";"";"-22.3";"";"";"";"";"";"";
"22.01.2016 19:00";"-17.7";"764.8";"793.5";"";"90";"Штиль, безветрие";"0";"";"";"Облаков нет.";"Дымка. ";"Облака покрывали половину неба или менее в течение всего соответствующего периода.";"Облака покрывали половину неба или менее в течение всего соответствующего периода.";"";"-12.9";"";"";"";"";"";"";"-18.9";"Осадков нет";"12";"";"";"";"";
"22.01.2016 13:00";"-14.0";"765.6";"793.9";"";"70";"Штиль, безветрие";"0";"";"";"20–30%.";"Состояние неба в общем не изменилось. ";"Метель";"Облака покрывали более половины неба в течение одной части соответствующего периода и половину или менее в течение другой части периода.";"";"";"Слоисто-кучевых, слоистых, кучевых или кучево-дождевых облаков нет.";"Облаков нет.";"2500 или более, или облаков нет.";"Высококучевых, высокослоистых или слоисто-дождевых облаков нет.";"Перистые нитевидные, иногда когтевидные, не распространяющиеся по небу.";"20.0";"-18.3";"";"";"";"";"";"";
"22.01.2016 07:00";"-17.5";"766.3";"794.9";"";"80";"Ветер, дующий с западо-юго-запада";"2";"";"10";"90  или более, но не 100%";"Состояние неба в общем не изменилось. ";"Метель";"Облака покрывали более половины неба в течение одной части соответствующего периода и половину или менее в течение другой части периода.";"-18.5";"";"Кучево-дождевые волокнистые (часто с наковальней), либо с кучево-дождевыми лысыми, кучевыми, слоистыми, разорванно-дождевыми, либо без них.";"40%.";"600-1000";"Высококучевые просвечивающие, расположенные на одном уровне.";"Перистых, перисто-кучевых или перисто-слоистых нет.";"4.0";"-20.1";"Следы осадков";"12";"";"";"Ровный слой сухого рассыпчатого снега покрывает поверхность почвы полностью.";"22.0";
"22.01.2016 01:00";"-18.3";"766.9";"795.7";"";"85";"Ветер, дующий с западо-юго-запада";"2";"";"";"Облаков нет.";"Дымка. ";"Снег и/или другие виды твердых осадков";"Облака покрывали более половины неба в течение одной части соответствующего периода и половину или менее в течение другой части периода.";"";"";"";"";"";"";"";"";"-20.2";"";"";"";"";"";"";
"21.01.2016 19:00";"-18.2";"767.0";"795.8";"";"90";"Ветер, дующий с западо-юго-запада";"1";"";"";"100%.";"Снег непрерывный слабый в срок наблюдения. ";"Снег и/или другие виды твердых осадков";"Облака покрывали более половины неба в течение всего соответствующего периода.";"";"-17.6";"Слоисто-кучевых, слоистых, кучевых или кучево-дождевых облаков нет.";"50%.";"2000-2500";"Высококучевые просвечивающие, расположенные на одном уровне.";"Перисто-слоистые, покрывающие все небо.";"";"-19.4";"Следы осадков";"12";"";"";"";"";
"21.01.2016 13:00";"-19.5";"766.0";"794.9";"";"90";"Ветер, дующий с востоко-северо-востока";"1";"";"";"100%.";"Дымка. ";"Снег и/или другие виды твердых осадков";"Облака покрывали более половины неба в течение всего соответствующего периода.";"";"";"Слоисто-кучевых, слоистых, кучевых или кучево-дождевых облаков нет.";"Облаков нет.";"2500 или более, или облаков нет.";"Высококучевых, высокослоистых или слоисто-дождевых облаков нет.";"Перисто-слоистые, покрывающие все небо.";"4.0";"-20.7";"";"";"";"";"";"";
"21.01.2016 07:00";"-22.2";"765.4";"794.5";"";"89";"Штиль, безветрие";"0";"";"";"100%.";"Дымка. ";"Ливень (ливни).";"Облака покрывали более половины неба в течение всего соответствующего периода.";"-22.4";"";"Слоисто-кучевых, слоистых, кучевых или кучево-дождевых облаков нет.";"Облаков нет.";"2500 или более, или облаков нет.";"Высококучевых, высокослоистых или слоисто-дождевых облаков нет.";"Перисто-слоистые, покрывающие все небо.";"";"-23.5";"0.3";"12";"";"";"Ровный слой сухого рассыпчатого снега покрывает поверхность почвы полностью.";"23.0";
"21.01.2016 01:00";"-20.6";"764.2";"793.3";"";"90";"Штиль, безветрие";"0";"";"";"90  или более, но не 100%";"Ливневый снег слабый в срок наблюдения или за последний час. ";"Ливень (ливни).";"Облака покрывали более половины неба в течение всего соответствующего периода.";"";"";"Кучево-дождевые волокнистые (часто с наковальней), либо с кучево-дождевыми лысыми, кучевыми, слоистыми, разорванно-дождевыми, либо без них.";"70 – 80%.";"600-1000";"Высококучевых, высокослоистых или слоисто-дождевых облаков нет.";"Перистые нитевидные, иногда когтевидные, не распространяющиеся по небу.";"";"-21.8";"";"";"";"";"";"";
"20.01.2016 19:00";"-20.7";"762.9";"791.9";"";"90";"Ветер, дующий с юго-запада";"1";"";"";"90  или более, но не 100%";"Ливневый снег слабый в срок наблюдения или за последний час. ";"Ливень (ливни).";"Снег и/или другие виды твердых осадков";"";"-19.6";"Кучево-дождевые волокнистые (часто с наковальней), либо с кучево-дождевыми лысыми, кучевыми, слоистыми, разорванно-дождевыми, либо без них.";"60%.";"600-1000";"Высококучевые просвечивающие, расположенные на одном уровне.";"Перистые нитевидные, иногда когтевидные, не распространяющиеся по небу.";"";"-21.9";"0.4";"12";"";"";"";"";
"20.01.2016 13:00";"-21.4";"761.0";"790.0";"";"85";"Штиль, безветрие";"0";"";"";"100%.";"Снег непрерывный слабый в срок наблюдения. ";"Снег и/или другие виды твердых осадков";"Облака покрывали более половины неба в течение всего соответствующего периода.";"";"";"Слоисто-кучевых, слоистых, кучевых или кучево-дождевых облаков нет.";"100%.";"2000-2500";"Высококучевые, просвечивающие или плотные в двух или более слоях или высококучевые плотные в одном слое, не распространяющиеся но небу, либо высококучевые с высокослоистыми или слоисто-дождевыми.";"";"2.0";"-23.2";"";"";"";"";"";"";
"20.01.2016 07:00";"-26.5";"759.7";"789.1";"";"84";"Штиль, безветрие";"0";"";"";"100%.";"Снег непрерывный слабый в срок наблюдения. ";"Снег и/или другие виды твердых осадков";"Облака покрывали более половины неба в течение всего соответствующего периода.";"-28.4";"";"Слоисто-кучевых, слоистых, кучевых или кучево-дождевых облаков нет.";"Облаков нет.";"2000-2500";"Высококучевые, просвечивающие или плотные в двух или более слоях или высококучевые плотные в одном слое, не распространяющиеся но небу, либо высококучевые с высокослоистыми или слоисто-дождевыми.";"";"";"-28.4";"Следы осадков";"12";"";"";"Ровный слой сухого рассыпчатого снега покрывает поверхность почвы полностью.";"22.0";
"20.01.2016 01:00";"-28.2";"758.1";"787.7";"";"85";"Штиль, безветрие";"0";"";"";"Облаков нет.";"Алмазная пыль (с туманом или без него). ";"Снег и/или другие виды твердых осадков";"Облака покрывали более половины неба в течение всего соответствующего периода.";"";"";"";"";"";"";"";"";"-30.0";"";"";"";"";"";"";
"19.01.2016 19:00";"-25.8";"756.7";"786.1";"";"90";"Штиль, безветрие";"0";"";"";"100%.";"Снег непрерывный слабый в срок наблюдения. ";"Снег и/или другие виды твердых осадков";"Облака покрывали более половины неба в течение всего соответствующего периода.";"";"-22.5";"Слоисто-кучевых, слоистых, кучевых или кучево-дождевых облаков нет.";"Облаков нет.";"2500 или более, или облаков нет.";"Высококучевых, высокослоистых или слоисто-дождевых облаков нет.";"Перисто-слоистые, покрывающие все небо.";"";"-27.0";"0.3";"12";"";"";"";"";
"19.01.2016 13:00";"-25.2";"753.5";"782.6";"";"84";"Штиль, безветрие";"0";"";"";"100%.";"Снег непрерывный слабый в срок наблюдения. ";"Снег и/или другие виды твердых осадков";"Облака покрывали более половины неба в течение всего соответствующего периода.";"";"";"Слоисто-кучевых, слоистых, кучевых или кучево-дождевых облаков нет.";"Облаков нет.";"2500 или более, или облаков нет.";"Высококучевых, высокослоистых или слоисто-дождевых облаков нет.";"Перисто-слоистые, покрывающие все небо.";"4.0";"-27.1";"";"";"";"";"";"";
"19.01.2016 07:00";"-28.2";"751.4";"780.8";"";"85";"Штиль, безветрие";"0";"";"";"100%.";"Снег непрерывный слабый в срок наблюдения. ";"Снег и/или другие виды твердых осадков";"Облака покрывали более половины неба в течение всего соответствующего периода.";"-29.4";"";"Слоисто-кучевых, слоистых, кучевых или кучево-дождевых облаков нет.";"Облаков нет.";"2500 или более, или облаков нет.";"Высококучевых, высокослоистых или слоисто-дождевых облаков нет.";"Перисто-слоистые, покрывающие все небо.";"";"-30.0";"Следы осадков";"12";"";"";"Ровный слой сухого рассыпчатого снега покрывает поверхность почвы полностью.";"21.0";
"19.01.2016 01:00";"-26.9";"750.4";"779.6";"";"85";"Штиль, безветрие";"0";"";"";"100%.";"Снег непрерывный слабый в срок наблюдения. ";"Снег и/или другие виды твердых осадков";"Облака покрывали более половины неба в течение одной части соответствующего периода и половину или менее в течение другой части периода.";"";"";"Слоисто-кучевых, слоистых, кучевых или кучево-дождевых облаков нет.";"Облаков нет.";"2500 или более, или облаков нет.";"Высококучевых, высокослоистых или слоисто-дождевых облаков нет.";"Перисто-слоистые, покрывающие все небо.";"";"-28.7";"";"";"";"";"";"";
"18.01.2016 19:00";"-29.2";"750.1";"779.6";"";"85";"Ветер, дующий с юго-запада";"1";"";"";"Облаков нет.";"Дымка. ";"Облака покрывали половину неба или менее в течение всего соответствующего периода.";"Облака покрывали половину неба или менее в течение всего соответствующего периода.";"";"";"";"";"";"";"";"";"-30.9";"Осадков нет";"12";"";"";"";"";
"18.01.2016 13:00";"-29.0";"749.5";"778.9";"";"85";"Штиль, безветрие";"0";"";"";"Облаков нет.";"Дымка. ";"Облака покрывали половину неба или менее в течение всего соответствующего периода.";"Облака покрывали половину неба или менее в течение всего соответствующего периода.";"";"";"";"";"";"";"";"2.0";"-30.7";"";"";"";"";"";"";
