# Метеостанция Варшава / Окенце (аэропорт), Польша, WMO_ID=12375, выборка с 16.07.2019 по 22.07.2019, все дни
# Кодировка: ANSI
# Информация предоставлена сайтом "Расписание Погоды", rp5.ru
# Пожалуйста, при использовании данных, любезно указывайте названный сайт.
# Обозначения метеопараметров см. по адресу http://rp5.ru/archive.php?wmo_id=12375&lang=ru
#
"Местное время в Варшаве / Окенце (аэропорт)";"T";"Po";"P";"Pa";"U";"DD";"Ff";"ff10";"ff3";"N";"WW";"W1";"W2";"Tn";"Tx";"Cl";"Nh";"H";"Cm";"Ch";"VV";"Td";"RRR";"tR";"E";"Tg";"E'";"sss"
"22.07.2019 12:00";"24.3";"756.4";"765.7";"0.0";"46";"Ветер, дующий с западо-северо-запада";"8";"";"13";"70 – 80%.";" ";"";"";"";"";"Кучевые средние или мощные или вместе с кучевыми разорванными, или с кучевыми плоскими, или со слоисто-кучевыми, либо без них; основания всех этих облаков расположены на одном уровне.";"50%.";"1000-1500";"Высококучевых, высокослоистых или слоисто-дождевых облаков нет.";"Перистые плотные в виде клочьев или скрученных склонов, количество которых обычно не увеличивается, иногда могут казаться остатками верхней части кучево-дождевых; или перистые башенкообразные, или перистые хлопьевидные.";"35.0";"12.0";"";"";"";"";"";"";
"22.07.2019 11:00";"22.9";"756.5";"765.9";"0.1";"51";"Ветер, дующий с западо-северо-запада";"6";"";"";"60%.";" ";"";"";"";"";"Кучевые средние или мощные или вместе с кучевыми разорванными, или с кучевыми плоскими, или со слоисто-кучевыми, либо без них; основания всех этих облаков расположены на одном уровне.";"50%.";"1000-1500";"Высококучевых, высокослоистых или слоисто-дождевых облаков нет.";"Перистые плотные в виде клочьев или скрученных склонов, количество которых обычно не увеличивается, иногда могут казаться остатками верхней части кучево-дождевых; или перистые башенкообразные, или перистые хлопьевидные.";"35.0";"12.3";"";"";"";"";"";"";
"22.07.2019 10:00";"22.3";"756.4";"765.8";"0.0";"55";"Ветер, дующий с запада";"6";"";"";"20–30%.";" ";"";"";"";"";"Кучевые плоские или кучевые разорванные, или те и другие вместе, не относящиеся к облакам плохой погоды.";"20–30%.";"1000-1500";"Высококучевых, высокослоистых или слоисто-дождевых облаков нет.";"Перистых, перисто-кучевых или перисто-слоистых нет.";"35.0";"12.9";"";"";"";"";"";"";
"22.07.2019 09:00";"20.8";"756.4";"765.9";"0.3";"66";"Ветер, дующий с запада";"5";"";"";"20–30%.";" ";"";"";"";"";"Кучевые плоские или кучевые разорванные, или те и другие вместе, не относящиеся к облакам плохой погоды.";"20–30%.";"600-1000";"Высококучевых, высокослоистых или слоисто-дождевых облаков нет.";"Перистых, перисто-кучевых или перисто-слоистых нет.";"35.0";"14.3";"";"";"";"";"";"";
"22.07.2019 08:00";"19.3";"756.4";"766.0";"0.4";"72";"Ветер, дующий с запада";"4";"";"";"40%.";" ";"";"";"14.9";"22.4";"Кучевые плоские или кучевые разорванные, или те и другие вместе, не относящиеся к облакам плохой погоды.";"10%  или менее, но не 0";"600-1000";"Высококучевые просвечивающие, расположенные на одном уровне.";"Перистых, перисто-кучевых или перисто-слоистых нет.";"35.0";"14.2";"Осадков нет";"12";"Cухая (без трещин, заметного количества пыли или сыпучего песка)";"13.0";"";"";
"22.07.2019 07:00";"17.5";"756.4";"765.9";"0.7";"86";"Ветер, дующий с запада";"3";"";"";"10%  или менее, но не 0";" ";"";"";"";"";"Слоисто-кучевых, слоистых, кучевых или кучево-дождевых облаков нет.";"10%  или менее, но не 0";"2500 или более, или облаков нет.";"Высококучевые просвечивающие, расположенные на одном уровне.";"Перистых, перисто-кучевых или перисто-слоистых нет.";"35.0";"15.2";"";"";"";"";"";"";
"22.07.2019 06:00";"16.1";"756.1";"765.7";"0.6";"91";"Ветер, дующий с запада";"2";"";"";"40%.";" ";"";"";"";"";"Слоисто-кучевых, слоистых, кучевых или кучево-дождевых облаков нет.";"20–30%.";"2500 или более, или облаков нет.";"Высококучевые просвечивающие, расположенные на одном уровне.";"Перистые нитевидные, иногда когтевидные, не распространяющиеся по небу.";"35.0";"14.6";"";"";"";"";"";"";
"22.07.2019 05:00";"15.0";"756.0";"765.6";"0.7";"94";"Ветер, дующий с запада";"2";"";"";"40%.";" ";"";"";"";"";"Слоисто-кучевых, слоистых, кучевых или кучево-дождевых облаков нет.";"20–30%.";"2500 или более, или облаков нет.";"Высококучевые просвечивающие, расположенные на одном уровне.";"Перистые нитевидные, иногда когтевидные, не распространяющиеся по небу.";"30.0";"14.0";"";"";"";"";"";"";
"22.07.2019 04:00";"15.7";"755.7";"765.3";"0.7";"91";"Ветер, дующий с запада";"2";"";"";"20–30%.";" ";"";"";"";"";"Слоисто-кучевых, слоистых, кучевых или кучево-дождевых облаков нет.";"10%  или менее, но не 0";"2500 или более, или облаков нет.";"Высококучевые просвечивающие, расположенные на одном уровне.";"Перистые нитевидные, иногда когтевидные, не распространяющиеся по небу.";"35.0";"14.2";"";"";"";"";"";"";
"22.07.2019 03:00";"16.8";"755.5";"765.1";"0.9";"86";"Ветер, дующий с запада";"3";"";"";"10%  или менее, но не 0";" ";"";"";"";"";"Слоисто-кучевых, слоистых, кучевых или кучево-дождевых облаков нет.";"10%  или менее, но не 0";"2500 или более, или облаков нет.";"Высококучевые просвечивающие, расположенные на одном уровне.";"Перистых, перисто-кучевых или перисто-слоистых нет.";"35.0";"14.5";"";"";"";"";"";"";
"22.07.2019 02:00";"18.0";"755.3";"764.8";"1.2";"82";"Ветер, дующий с северо-запада";"2";"";"";"20–30%.";" ";"";"";"";"";"Слоисто-кучевых, слоистых, кучевых или кучево-дождевых облаков нет.";"20–30%.";"2500 или более, или облаков нет.";"Высококучевые просвечивающие, расположенные на одном уровне.";"Перистых, перисто-кучевых или перисто-слоистых нет.";"35.0";"14.8";"Осадков нет";"6";"";"";"";"";
"22.07.2019 01:00";"18.7";"755.0";"764.5";"1.0";"79";"Ветер, дующий с северо-запада";"3";"";"";"20–30%.";" ";"";"";"";"";"Слоисто-кучевых, слоистых, кучевых или кучево-дождевых облаков нет.";"20–30%.";"2500 или более, или облаков нет.";"Высококучевые просвечивающие, расположенные на одном уровне.";"Перистых, перисто-кучевых или перисто-слоистых нет.";"35.0";"14.9";"";"";"";"";"";"";
"22.07.2019 00:00";"20.1";"754.6";"764.1";"0.9";"82";"Ветер, дующий с западо-северо-запада";"5";"";"";"50%.";" ";"";"";"";"";"Слоисто-кучевые, образовавшиеся не из кучевых.";"20–30%.";"1500-2000";"Высококучевые просвечивающие, расположенные на одном уровне.";"Перистых, перисто-кучевых или перисто-слоистых нет.";"35.0";"17.0";"";"";"";"";"";"";
"21.07.2019 23:00";"21.0";"754.1";"763.6";"0.6";"77";"Ветер, дующий с запада";"3";"";"";"60%.";"Видна молния, грома не слышно. ";"Облака покрывали более половины неба в течение всего соответствующего периода.";"Облака покрывали более половины неба в течение всего соответствующего периода.";"";"";"Кучево-дождевые волокнистые (часто с наковальней), либо с кучево-дождевыми лысыми, кучевыми, слоистыми, разорванно-дождевыми, либо без них.";"10%  или менее, но не 0";"1500-2000";"Высококучевые просвечивающие, расположенные на одном уровне.";"Перистых, перисто-кучевых или перисто-слоистых нет.";"35.0";"16.7";"";"";"";"";"";"";
"21.07.2019 22:00";"21.3";"754.0";"763.4";"0.7";"74";"Ветер, дующий с запада";"3";"";"";"70 – 80%.";" ";"";"";"";"";"Слоисто-кучевые, образовавшиеся не из кучевых.";"20–30%.";"1500-2000";"Высококучевые просвечивающие, расположенные на одном уровне.";"Перистых, перисто-кучевых или перисто-слоистых нет.";"35.0";"16.4";"";"";"";"";"";"";
"21.07.2019 21:00";"22.0";"753.7";"763.1";"0.4";"69";"Ветер, дующий с запада";"3";"";"";"90  или более, но не 100%";" ";"";"";"";"";"Слоисто-кучевых, слоистых, кучевых или кучево-дождевых облаков нет.";"90  или более, но не 100%";"2500 или более, или облаков нет.";"Высококучевые просвечивающие, расположенные на одном уровне.";"";"35.0";"16.1";"";"";"";"";"";"";
"21.07.2019 20:00";"22.3";"753.5";"762.9";"0.4";"69";"Ветер, дующий с запада";"3";"";"10";"90  или более, но не 100%";"Ливневый(ые) дождь(и). ";"Ливень (ливни).";"Облака покрывали более половины неба в течение всего соответствующего периода.";"19.3";"29.6";"Слоисто-кучевых, слоистых, кучевых или кучево-дождевых облаков нет.";"90  или более, но не 100%";"2500 или более, или облаков нет.";"Высококучевые просвечивающие, расположенные на одном уровне.";"";"35.0";"16.2";"0.9";"12";"";"";"";"";
"21.07.2019 19:00";"22.6";"753.3";"762.7";"0.8";"69";"Ветер, дующий с запада";"4";"";"";"90  или более, но не 100%";"Ливневый(ые) дождь(и) слабый(ые) в срок наблюдения или за последний час. ";"Облака покрывали более половины неба в течение всего соответствующего периода.";"Облака покрывали более половины неба в течение всего соответствующего периода.";"";"";"Кучево-дождевые лысые с кучевыми, слоисто-кучевыми или слоистыми, либо без них.";"20–30%.";"1500-2000";"Высококучевые просвечивающие, расположенные на одном уровне.";"";"35.0";"16.7";"";"";"";"";"";"";
"21.07.2019 18:00";"23.6";"753.3";"762.6";"0.7";"65";"Ветер, дующий с запада";"5";"";"";"90  или более, но не 100%";"Ливневый(ые) дождь(и). ";"Облака покрывали более половины неба в течение всего соответствующего периода.";"Облака покрывали более половины неба в течение всего соответствующего периода.";"";"";"Кучевые средние или мощные или вместе с кучевыми разорванными, или с кучевыми плоскими, или со слоисто-кучевыми, либо без них; основания всех этих облаков расположены на одном уровне.";"20–30%.";"1000-1500";"Высококучевые просвечивающие, расположенные на одном уровне.";"Перистые плотные в виде клочьев или скрученных склонов, количество которых обычно не увеличивается, иногда могут казаться остатками верхней части кучево-дождевых; или перистые башенкообразные, или перистые хлопьевидные.";"35.0";"16.7";"";"";"";"";"";"";
"21.07.2019 17:00";"24.3";"753.1";"762.4";"0.4";"63";"Ветер, дующий с запада";"5";"10";"10";"90  или более, но не 100%";"Ливневый(ые) дождь(и) слабый(ые) в срок наблюдения или за последний час. ";"Облака покрывали более половины неба в течение всего соответствующего периода.";"Облака покрывали более половины неба в течение всего соответствующего периода.";"";"";"Кучево-дождевые лысые с кучевыми, слоисто-кучевыми или слоистыми, либо без них.";"60%.";"1500-2000";"Высококучевые просвечивающие, расположенные на одном уровне.";"Перистые плотные в виде клочьев или скрученных склонов, количество которых обычно не увеличивается, иногда могут казаться остатками верхней части кучево-дождевых; или перистые башенкообразные, или перистые хлопьевидные.";"20.0";"16.9";"";"";"";"";"";"";
"21.07.2019 16:00";"28.6";"752.5";"761.6";"-0.3";"41";"Ветер, дующий с запада";"4";"";"10";"70 – 80%.";" ";"";"";"";"";"Кучевые средние или мощные или вместе с кучевыми разорванными, или с кучевыми плоскими, или со слоисто-кучевыми, либо без них; основания всех этих облаков расположены на одном уровне.";"20–30%.";"1500-2000";"Высококучевые просвечивающие, расположенные на одном уровне.";"Перистые плотные в виде клочьев или скрученных склонов, количество которых обычно не увеличивается, иногда могут казаться остатками верхней части кучево-дождевых; или перистые башенкообразные, или перистые хлопьевидные.";"35.0";"14.1";"";"";"";"";"";"";
"21.07.2019 15:00";"28.7";"752.6";"761.8";"-0.2";"42";"Ветер, дующий с запада";"5";"";"";"90  или более, но не 100%";" ";"";"";"";"";"Кучевые средние или мощные или вместе с кучевыми разорванными, или с кучевыми плоскими, или со слоисто-кучевыми, либо без них; основания всех этих облаков расположены на одном уровне.";"20–30%.";"1500-2000";"Высококучевые просвечивающие, расположенные на одном уровне.";"Перистые плотные в виде клочьев или скрученных склонов, количество которых обычно не увеличивается, иногда могут казаться остатками верхней части кучево-дождевых; или перистые башенкообразные, или перистые хлопьевидные.";"35.0";"14.6";"";"";"";"";"";"";
"21.07.2019 14:00";"28.2";"752.7";"761.8";"0.0";"48";"Ветер, дующий с запада";"5";"";"";"70 – 80%.";"Облака в целом образовывались или развивались. ";"Гроза (грозы) с осадками или без них.";"Ливень (ливни).";"";"";"Кучевые средние или мощные или вместе с кучевыми разорванными, или с кучевыми плоскими, или со слоисто-кучевыми, либо без них; основания всех этих облаков расположены на одном уровне.";"10%  или менее, но не 0";"1000-1500";"Высококучевые просвечивающие, расположенные на одном уровне.";"Перистые плотные в виде клочьев или скрученных склонов, количество которых обычно не увеличивается, иногда могут казаться остатками верхней части кучево-дождевых; или перистые башенкообразные, или перистые хлопьевидные.";"35.0";"16.2";"0.8";"6";"";"";"";"";
"21.07.2019 13:00";"26.7";"752.8";"762.1";"0.3";"56";"Ветер, дующий с запада";"4";"";"";"70 – 80%.";" ";"";"";"";"";"Слоисто-кучевых, слоистых, кучевых или кучево-дождевых облаков нет.";"20–30%.";"2500 или более, или облаков нет.";"Высококучевые просвечивающие, расположенные на одном уровне.";"Перистые плотные в виде клочьев или скрученных склонов, количество которых обычно не увеличивается, иногда могут казаться остатками верхней части кучево-дождевых; или перистые башенкообразные, или перистые хлопьевидные.";"30.0";"17.3";"";"";"";"";"";"";
"21.07.2019 12:00";"24.5";"752.8";"762.1";"-0.3";"66";"Ветер, дующий с юго-запада";"2";"";"";"90  или более, но не 100%";" ";"";"";"";"";"Слоисто-кучевых, слоистых, кучевых или кучево-дождевых облаков нет.";"20–30%.";"2500 или более, или облаков нет.";"Высококучевые просвечивающие, расположенные на одном уровне.";"Перистые плотные в виде клочьев или скрученных склонов, количество которых обычно не увеличивается, иногда могут казаться остатками верхней части кучево-дождевых; или перистые башенкообразные, или перистые хлопьевидные.";"35.0";"17.8";"";"";"";"";"";"";
"21.07.2019 11:00";"21.8";"752.7";"762.1";"0.0";"76";"Ветер, дующий с юго-востока";"2";"";"";"90  или более, но не 100%";"Гроза (с осадками или без них). ";"Гроза (грозы) с осадками или без них.";"Ливень (ливни).";"";"";"Слоисто-кучевых, слоистых, кучевых или кучево-дождевых облаков нет.";"60%.";"2500 или более, или облаков нет.";"Высококучевые просвечивающие, расположенные на одном уровне.";"Перистые плотные, образовавшиеся от кучево-дождевых.";"35.0";"17.3";"";"";"";"";"";"";
"21.07.2019 10:00";"20.0";"752.5";"762.0";"0.0";"86";"Ветер, дующий с востоко-юго-востока";"3";"";"";"90  или более, но не 100%";"Гроза (с осадками или без них). ";"Ливень (ливни).";"Облака покрывали более половины неба в течение всего соответствующего периода.";"";"";"Кучево-дождевые волокнистые (часто с наковальней), либо с кучево-дождевыми лысыми, кучевыми, слоистыми, разорванно-дождевыми, либо без них.";"50%.";"1000-1500";"Высококучевые просвечивающие, расположенные на одном уровне.";"";"28.0";"17.5";"";"";"";"";"";"";
"21.07.2019 09:00";"21.5";"753.1";"762.4";"0.9";"68";"Ветер, дующий с юго-запада";"3";"";"";"90  или более, но не 100%";" ";"";"";"";"";"Кучево-дождевые волокнистые (часто с наковальней), либо с кучево-дождевыми лысыми, кучевыми, слоистыми, разорванно-дождевыми, либо без них.";"20–30%.";"2000-2500";"Высококучевые просвечивающие, расположенные на одном уровне.";"";"35.0";"15.4";"";"";"";"";"";"";
"21.07.2019 08:00";"21.0";"752.7";"762.1";"0.2";"76";"Штиль, безветрие";"0";"";"";"90  или более, но не 100%";" ";"";"";"17.0";"25.7";"Слоисто-кучевых, слоистых, кучевых или кучево-дождевых облаков нет.";"70 – 80%.";"2500 или более, или облаков нет.";"Высококучевые просвечивающие, расположенные на одном уровне.";"Перистые плотные в виде клочьев или скрученных склонов, количество которых обычно не увеличивается, иногда могут казаться остатками верхней части кучево-дождевых; или перистые башенкообразные, или перистые хлопьевидные.";"30.0";"16.5";"Осадков нет";"12";"Cухая (без трещин, заметного количества пыли или сыпучего песка)";"16.0";"";"";
"21.07.2019 07:00";"19.7";"752.5";"762.0";"0.0";"81";"Ветер, дующий с юго-юго-востока";"2";"";"";"70 – 80%.";" ";"";"";"";"";"Кучевые средние или мощные или вместе с кучевыми разорванными, или с кучевыми плоскими, или со слоисто-кучевыми, либо без них; основания всех этих облаков расположены на одном уровне.";"20–30%.";"1500-2000";"Высококучевые просвечивающие, расположенные на одном уровне.";"Перистые плотные в виде клочьев или скрученных склонов, количество которых обычно не увеличивается, иногда могут казаться остатками верхней части кучево-дождевых; или перистые башенкообразные, или перистые хлопьевидные.";"21.0";"16.4";"";"";"";"";"";"";
"21.07.2019 06:00";"18.0";"752.2";"761.8";"-0.4";"88";"Ветер, дующий с юго-востока";"2";"";"";"50%.";" ";"";"";"";"";"Слоисто-кучевых, слоистых, кучевых или кучево-дождевых облаков нет.";"20–30%.";"2500 или более, или облаков нет.";"Высококучевые просвечивающие, расположенные на одном уровне.";"Перистые плотные в виде клочьев или скрученных склонов, количество которых обычно не увеличивается, иногда могут казаться остатками верхней части кучево-дождевых; или перистые башенкообразные, или перистые хлопьевидные.";"19.0";"15.9";"";"";"";"";"";"";
"21.07.2019 05:00";"17.1";"752.5";"762.0";"-0.4";"90";"Ветер, дующий с юго-востока";"2";"";"";"10%  или менее, но не 0";" ";"";"";"";"";"Слоисто-кучевых, слоистых, кучевых или кучево-дождевых облаков нет.";"Облаков нет.";"2500 или более, или облаков нет.";"Высококучевых, высокослоистых или слоисто-дождевых облаков нет.";"Перистые нитевидные, иногда когтевидные, не распространяющиеся по небу.";"14.0";"15.5";"";"";"";"";"";"";
"21.07.2019 04:00";"17.6";"752.5";"762.0";"-0.6";"90";"Ветер, дующий с юго-востока";"3";"";"";"10%  или менее, но не 0";" ";"";"";"";"";"Слоисто-кучевых, слоистых, кучевых или кучево-дождевых облаков нет.";"Облаков нет.";"2500 или более, или облаков нет.";"Высококучевых, высокослоистых или слоисто-дождевых облаков нет.";"Перистые нитевидные, иногда когтевидные, не распространяющиеся по небу.";"16.0";"15.9";"";"";"";"";"";"";
"21.07.2019 03:00";"18.1";"752.6";"762.1";"-0.5";"88";"Ветер, дующий с юго-востока";"3";"";"";"Облаков нет.";" ";"";"";"";"";"";"";"";"";"";"20.0";"16.0";"";"";"";"";"";"";
"21.07.2019 02:00";"18.4";"752.9";"762.4";"0.0";"85";"Ветер, дующий с юго-востока";"3";"";"";"Облаков нет.";" ";"";"";"";"";"";"";"";"";"";"24.0";"15.9";"Осадков нет";"6";"";"";"";"";
"21.07.2019 01:00";"19.0";"753.1";"762.5";"0.3";"80";"Ветер, дующий с востоко-юго-востока";"2";"";"";"Облаков нет.";" ";"";"";"";"";"";"";"";"";"";"30.0";"15.4";"";"";"";"";"";"";
"21.07.2019 00:00";"20.1";"753.1";"762.5";"0.6";"74";"Ветер, дующий с юго-востока";"2";"";"";"Облаков нет.";" ";"";"";"";"";"";"";"";"";"";"30.0";"15.4";"";"";"";"";"";"";
"20.07.2019 23:00";"21.1";"752.9";"762.3";"0.6";"70";"Ветер, дующий с юго-юго-востока";"2";"";"";"Облаков нет.";" ";"";"";"";"";"";"";"";"";"";"30.0";"15.3";"";"";"";"";"";"";
"20.07.2019 22:00";"22.1";"752.8";"762.2";"0.5";"65";"Ветер, дующий с юго-юго-востока";"2";"";"";"20–30%.";" ";"";"";"";"";"Слоисто-кучевых, слоистых, кучевых или кучево-дождевых облаков нет.";"Облаков нет.";"2500 или более, или облаков нет.";"Высококучевых, высокослоистых или слоисто-дождевых облаков нет.";"Перистые плотные в виде клочьев или скрученных склонов, количество которых обычно не увеличивается, иногда могут казаться остатками верхней части кучево-дождевых; или перистые башенкообразные, или перистые хлопьевидные.";"35.0";"15.1";"";"";"";"";"";"";
"20.07.2019 21:00";"23.7";"752.5";"761.8";"0.0";"55";"Ветер, дующий с юго-юго-востока";"2";"";"";"20–30%.";" ";"";"";"";"";"Слоисто-кучевых, слоистых, кучевых или кучево-дождевых облаков нет.";"Облаков нет.";"2500 или более, или облаков нет.";"Высококучевых, высокослоистых или слоисто-дождевых облаков нет.";"Перистые плотные в виде клочьев или скрученных склонов, количество которых обычно не увеличивается, иногда могут казаться остатками верхней части кучево-дождевых; или перистые башенкообразные, или перистые хлопьевидные.";"35.0";"14.2";"";"";"";"";"";"";
"20.07.2019 20:00";"25.7";"752.3";"761.5";"-0.2";"48";"Ветер, дующий с юго-юго-востока";"2";"";"";"20–30%.";"Облака в целом рассеиваются или становятся менее развитыми. ";"Ливень (ливни).";"Облака покрывали более половины неба в течение всего соответствующего периода.";"20.1";"27.9";"Слоисто-кучевые, образовавшиеся не из кучевых.";"10%  или менее, но не 0";"1500-2000";"Высококучевых, высокослоистых или слоисто-дождевых облаков нет.";"Перистые нитевидные, иногда когтевидные, не распространяющиеся по небу.";"35.0";"14.0";"Следы осадков";"12";"";"";"";"";
"20.07.2019 19:00";"26.6";"752.3";"761.5";"-0.2";"47";"Ветер, дующий с востока";"2";"";"";"60%.";"Ливневый(ые) дождь(и). ";"Облака покрывали более половины неба в течение всего соответствующего периода.";"Облака покрывали более половины неба в течение всего соответствующего периода.";"";"";"Слоисто-кучевые, образовавшиеся из кучевых.";"20–30%.";"1500-2000";"Высококучевые просвечивающие, расположенные на одном уровне.";"Перистые нитевидные, иногда когтевидные, не распространяющиеся по небу.";"35.0";"14.5";"";"";"";"";"";"";
"20.07.2019 18:00";"25.4";"752.5";"761.7";"0.0";"54";"Ветер, дующий с востока";"3";"";"";"70 – 80%.";"Ливневый(ые) дождь(и) слабый(ые) в срок наблюдения или за последний час. ";"Облака покрывали более половины неба в течение всего соответствующего периода.";"Облака покрывали более половины неба в течение всего соответствующего периода.";"";"";"Кучево-дождевые лысые с кучевыми, слоисто-кучевыми или слоистыми, либо без них.";"50%.";"1500-2000";"Высококучевые просвечивающие, расположенные на одном уровне.";"Перистых, перисто-кучевых или перисто-слоистых нет.";"35.0";"15.5";"";"";"";"";"";"";
"20.07.2019 17:00";"25.7";"752.5";"761.7";"-0.3";"49";"Ветер, дующий с востока";"4";"";"";"60%.";" ";"";"";"";"";"Кучево-дождевые лысые с кучевыми, слоисто-кучевыми или слоистыми, либо без них.";"60%.";"1500-2000";"Высококучевых, высокослоистых или слоисто-дождевых облаков нет.";"Перистых, перисто-кучевых или перисто-слоистых нет.";"35.0";"14.3";"";"";"";"";"";"";
"20.07.2019 16:00";"27.4";"752.5";"761.8";"-0.3";"42";"Ветер, дующий с юго-юго-запада";"2";"";"";"50%.";" ";"";"";"";"";"Кучево-дождевые лысые с кучевыми, слоисто-кучевыми или слоистыми, либо без них.";"50%.";"1500-2000";"Высококучевых, высокослоистых или слоисто-дождевых облаков нет.";"Перистых, перисто-кучевых или перисто-слоистых нет.";"35.0";"13.4";"";"";"";"";"";"";
"20.07.2019 15:00";"26.9";"752.5";"761.8";"-0.4";"45";"Ветер, дующий с юга";"3";"";"";"40%.";" ";"";"";"";"";"Кучевые средние или мощные или вместе с кучевыми разорванными, или с кучевыми плоскими, или со слоисто-кучевыми, либо без них; основания всех этих облаков расположены на одном уровне.";"20–30%.";"1500-2000";"Высококучевые, образовавшиеся из кучевых (или кучево-дождевых).";"Перистых, перисто-кучевых или перисто-слоистых нет.";"35.0";"14.1";"";"";"";"";"";"";
"20.07.2019 14:00";"26.2";"752.8";"762.0";"-0.2";"49";"Ветер, дующий с юга";"3";"";"";"50%.";"Облака в целом рассеиваются или становятся менее развитыми. ";"Гроза (грозы) с осадками или без них.";"Ливень (ливни).";"";"";"Кучевые средние или мощные или вместе с кучевыми разорванными, или с кучевыми плоскими, или со слоисто-кучевыми, либо без них; основания всех этих облаков расположены на одном уровне.";"40%.";"1500-2000";"Высококучевые, образовавшиеся из кучевых (или кучево-дождевых).";"Перистых, перисто-кучевых или перисто-слоистых нет.";"35.0";"14.7";"Следы осадков";"6";"";"";"";"";
"20.07.2019 13:00";"25.1";"752.8";"762.1";"0.0";"49";"Ветер, дующий с юго-юго-востока";"4";"";"";"60%.";"Гроза (с осадками или без них). ";"Ливень (ливни).";"Облака покрывали более половины неба в течение всего соответствующего периода.";"";"";"Кучевые средние или мощные или вместе с кучевыми разорванными, или с кучевыми плоскими, или со слоисто-кучевыми, либо без них; основания всех этих облаков расположены на одном уровне.";"40%.";"1000-1500";"Высококучевые, образовавшиеся из кучевых (или кучево-дождевых).";"Перистых, перисто-кучевых или перисто-слоистых нет.";"35.0";"13.7";"";"";"";"";"";"";
"20.07.2019 12:00";"23.1";"752.9";"762.2";"0.1";"62";"Ветер, дующий с юга";"4";"";"";"60%.";"Гроза, но без осадков, в срок наблюдения. ";"Облака покрывали более половины неба в течение всего соответствующего периода.";"Облака покрывали более половины неба в течение всего соответствующего периода.";"";"";"Кучево-дождевые волокнистые (часто с наковальней), либо с кучево-дождевыми лысыми, кучевыми, слоистыми, разорванно-дождевыми, либо без них.";"60%.";"1000-1500";"Высококучевых, высокослоистых или слоисто-дождевых облаков нет.";"Перистых, перисто-кучевых или перисто-слоистых нет.";"35.0";"15.5";"";"";"";"";"";"";
"20.07.2019 11:00";"24.8";"753.0";"762.3";"0.2";"52";"Ветер, дующий с западо-юго-запада";"2";"";"";"70 – 80%.";" ";"";"";"";"";"Кучевые средние или мощные или вместе с кучевыми разорванными, или с кучевыми плоскими, или со слоисто-кучевыми, либо без них; основания всех этих облаков расположены на одном уровне.";"50%.";"1000-1500";"Высококучевые просвечивающие, расположенные на одном уровне.";"Перистых, перисто-кучевых или перисто-слоистых нет.";"35.0";"14.4";"";"";"";"";"";"";
"20.07.2019 10:00";"24.1";"752.8";"762.1";"0.2";"57";"Ветер, дующий с юга";"3";"";"";"40%.";" ";"";"";"";"";"Кучевые плоские или кучевые разорванные, или те и другие вместе, не относящиеся к облакам плохой погоды.";"10%  или менее, но не 0";"1000-1500";"Высококучевые просвечивающие, расположенные на одном уровне.";"Перисто-кучевые одни или перисто-кучевые, сопровождаемые перистыми или перисто-слоистыми, либо те и другие, но перисто-кучевые преобладают среди них.";"35.0";"14.9";"";"";"";"";"";"";
"20.07.2019 09:00";"22.5";"752.8";"762.1";"0.3";"64";"Ветер, дующий с юго-юго-востока";"2";"";"";"50%.";" ";"";"";"";"";"Слоисто-кучевых, слоистых, кучевых или кучево-дождевых облаков нет.";"40%.";"2500 или более, или облаков нет.";"Высококучевые просвечивающие, расположенные на одном уровне.";"Перистые нитевидные, иногда когтевидные, не распространяющиеся по небу.";"35.0";"15.4";"";"";"";"";"";"";
"20.07.2019 08:00";"20.1";"752.8";"762.2";"0.6";"75";"Ветер, дующий с юга";"2";"";"";"70 – 80%.";"Облака в целом рассеиваются или становятся менее развитыми. ";"Ливень (ливни).";"Облака покрывали более половины неба в течение всего соответствующего периода.";"17.8";"25.0";"Слоисто-кучевых, слоистых, кучевых или кучево-дождевых облаков нет.";"60%.";"2500 или более, или облаков нет.";"Высококучевые, просвечивающие или плотные в двух или более слоях или высококучевые плотные в одном слое, не распространяющиеся но небу, либо высококучевые с высокослоистыми или слоисто-дождевыми.";"Перистые нитевидные, иногда когтевидные, не распространяющиеся по небу.";"30.0";"15.6";"0.1";"12";"Cухая (без трещин, заметного количества пыли или сыпучего песка)";"17.0";"";"";
"20.07.2019 07:00";"18.5";"752.6";"762.1";"0.4";"82";"Ветер, дующий с юго-юго-востока";"2";"";"";"70 – 80%.";" ";"";"";"";"";"Слоисто-кучевых, слоистых, кучевых или кучево-дождевых облаков нет.";"70 – 80%.";"2500 или более, или облаков нет.";"Высококучевые, просвечивающие или плотные в двух или более слоях или высококучевые плотные в одном слое, не распространяющиеся но небу, либо высококучевые с высокослоистыми или слоисто-дождевыми.";"Перистых, перисто-кучевых или перисто-слоистых нет.";"19.0";"15.3";"";"";"";"";"";"";
"20.07.2019 06:00";"17.8";"752.5";"762.0";"0.4";"85";"Ветер, дующий с юго-юго-востока";"2";"";"";"90  или более, но не 100%";" ";"";"";"";"";"Слоисто-кучевых, слоистых, кучевых или кучево-дождевых облаков нет.";"90  или более, но не 100%";"2500 или более, или облаков нет.";"Высококучевые, просвечивающие или плотные в двух или более слоях или высококучевые плотные в одном слое, не распространяющиеся но небу, либо высококучевые с высокослоистыми или слоисто-дождевыми.";"";"25.0";"15.2";"";"";"";"";"";"";
"20.07.2019 05:00";"18.3";"752.2";"761.7";"0.3";"82";"Ветер, дующий с юго-востока";"1";"";"";"100%.";"Ливневый(ые) дождь(и). ";"Ливень (ливни).";"Облака покрывали более половины неба в течение всего соответствующего периода.";"";"";"Кучево-дождевые лысые с кучевыми, слоисто-кучевыми или слоистыми, либо без них.";"20–30%.";"1500-2000";"Высококучевые, просвечивающие или плотные в двух или более слоях или высококучевые плотные в одном слое, не распространяющиеся но небу, либо высококучевые с высокослоистыми или слоисто-дождевыми.";"";"25.0";"15.1";"";"";"";"";"";"";
"20.07.2019 04:00";"18.0";"752.2";"761.8";"0.3";"85";"Ветер, дующий с юго-юго-запада";"1";"";"";"100%.";"Ливневый(ые) дождь(и) слабый(ые) в срок наблюдения или за последний час. ";"Ливень (ливни).";"Ливень (ливни).";"";"";"Кучево-дождевые лысые с кучевыми, слоисто-кучевыми или слоистыми, либо без них.";"50%.";"1500-2000";"Высококучевые, просвечивающие или плотные в двух или более слоях или высококучевые плотные в одном слое, не распространяющиеся но небу, либо высококучевые с высокослоистыми или слоисто-дождевыми.";"";"25.0";"15.4";"";"";"";"";"";"";
"20.07.2019 03:00";"18.9";"752.1";"761.5";"0.3";"76";"Ветер, дующий с юго-юго-запада";"1";"";"";"100%.";"Ливневый(ые) дождь(и) слабый(ые) в срок наблюдения или за последний час. ";"Облака покрывали более половины неба в течение всего соответствующего периода.";"Облака покрывали более половины неба в течение всего соответствующего периода.";"";"";"Кучево-дождевые лысые с кучевыми, слоисто-кучевыми или слоистыми, либо без них.";"50%.";"1500-2000";"Высококучевые, просвечивающие или плотные в двух или более слоях или высококучевые плотные в одном слое, не распространяющиеся но небу, либо высококучевые с высокослоистыми или слоисто-дождевыми.";"";"35.0";"14.5";"";"";"";"";"";"";
"20.07.2019 02:00";"19.3";"751.9";"761.4";"0.3";"71";"Штиль, безветрие";"0";"";"";"100%.";" ";"";"";"";"";"Слоисто-кучевых, слоистых, кучевых или кучево-дождевых облаков нет.";"100%.";"2500 или более, или облаков нет.";"Высококучевые, просвечивающие или плотные в двух или более слоях или высококучевые плотные в одном слое, не распространяющиеся но небу, либо высококучевые с высокослоистыми или слоисто-дождевыми.";"";"35.0";"13.8";"Осадков нет";"6";"";"";"";"";
"20.07.2019 01:00";"19.9";"751.9";"761.4";"0.5";"65";"Ветер, дующий с юго-юго-запада";"1";"";"";"100%.";" ";"";"";"";"";"Кучево-дождевые лысые с кучевыми, слоисто-кучевыми или слоистыми, либо без них.";"20–30%.";"1500-2000";"Высококучевые, просвечивающие или плотные в двух или более слоях или высококучевые плотные в одном слое, не распространяющиеся но небу, либо высококучевые с высокослоистыми или слоисто-дождевыми.";"";"35.0";"13.2";"";"";"";"";"";"";
"20.07.2019 00:00";"20.9";"751.8";"761.2";"0.7";"60";"Ветер, дующий с юго-запада";"1";"";"";"100%.";" ";"";"";"";"";"Слоисто-кучевых, слоистых, кучевых или кучево-дождевых облаков нет.";"100%.";"2500 или более, или облаков нет.";"Высококучевые, просвечивающие или плотные в двух или более слоях или высококучевые плотные в одном слое, не распространяющиеся но небу, либо высококучевые с высокослоистыми или слоисто-дождевыми.";"";"35.0";"12.7";"";"";"";"";"";"";
"19.07.2019 23:00";"21.6";"751.6";"761.0";"0.8";"55";"Ветер, дующий с западо-юго-запада";"1";"";"";"90  или более, но не 100%";" ";"";"";"";"";"Слоисто-кучевых, слоистых, кучевых или кучево-дождевых облаков нет.";"90  или более, но не 100%";"2500 или более, или облаков нет.";"Высококучевые, просвечивающие или плотные в двух или более слоях или высококучевые плотные в одном слое, не распространяющиеся но небу, либо высококучевые с высокослоистыми или слоисто-дождевыми.";"";"35.0";"12.0";"";"";"";"";"";"";
"19.07.2019 22:00";"22.2";"751.4";"760.8";"0.7";"52";"Ветер, дующий с юго-запада";"1";"";"";"70 – 80%.";" ";"";"";"";"";"Слоисто-кучевых, слоистых, кучевых или кучево-дождевых облаков нет.";"70 – 80%.";"2500 или более, или облаков нет.";"Высококучевые просвечивающие, расположенные на одном уровне.";"Перистых, перисто-кучевых или перисто-слоистых нет.";"35.0";"11.7";"";"";"";"";"";"";
"19.07.2019 21:00";"23.6";"751.1";"760.4";"0.5";"46";"Ветер, дующий с западо-юго-запада";"2";"";"";"70 – 80%.";" ";"";"";"";"";"Слоисто-кучевых, слоистых, кучевых или кучево-дождевых облаков нет.";"70 – 80%.";"2500 или более, или облаков нет.";"Высококучевые просвечивающие, расположенные на одном уровне.";"Перистых, перисто-кучевых или перисто-слоистых нет.";"35.0";"11.4";"";"";"";"";"";"";
"19.07.2019 20:00";"25.0";"750.8";"760.0";"0.2";"41";"Ветер, дующий с запада";"2";"";"9";"70 – 80%.";" ";"";"";"18.9";"27.9";"Слоисто-кучевых, слоистых, кучевых или кучево-дождевых облаков нет.";"60%.";"2500 или более, или облаков нет.";"Высококучевые просвечивающие, расположенные на одном уровне.";"Перисто-слоистые, не распространяющиеся по небу и не покрывающие его полностью.";"35.0";"10.9";"Осадков нет";"12";"";"";"";"";
"19.07.2019 19:00";"26.2";"750.7";"759.9";"-0.1";"33";"Ветер, дующий с юго-юго-запада";"1";"";"";"70 – 80%.";" ";"";"";"";"";"Слоисто-кучевых, слоистых, кучевых или кучево-дождевых облаков нет.";"60%.";"2500 или более, или облаков нет.";"Высококучевые просвечивающие, расположенные на одном уровне.";"Перисто-слоистые, не распространяющиеся по небу и не покрывающие его полностью.";"35.0";"8.7";"";"";"";"";"";"";
"19.07.2019 18:00";"26.7";"750.6";"759.8";"-0.4";"31";"Штиль, безветрие";"0";"";"";"70 – 80%.";" ";"";"";"";"";"Кучевые плоские или кучевые разорванные, или те и другие вместе, не относящиеся к облакам плохой погоды.";"10%  или менее, но не 0";"2000-2500";"Высококучевые просвечивающие, расположенные на одном уровне.";"Перисто-слоистые, не распространяющиеся по небу и не покрывающие его полностью.";"35.0";"8.2";"";"";"";"";"";"";
"19.07.2019 17:00";"27.3";"750.6";"759.7";"-0.4";"27";"Ветер, дующий с юго-юго-запада";"2";"";"9";"70 – 80%.";" ";"";"";"";"";"Кучевые средние или мощные или вместе с кучевыми разорванными, или с кучевыми плоскими, или со слоисто-кучевыми, либо без них; основания всех этих облаков расположены на одном уровне.";"10%  или менее, но не 0";"2000-2500";"Высококучевые просвечивающие, расположенные на одном уровне.";"Перисто-слоистые, не распространяющиеся по небу и не покрывающие его полностью.";"35.0";"6.7";"";"";"";"";"";"";
"19.07.2019 16:00";"27.3";"750.8";"760.0";"-0.5";"28";"Ветер, дующий с западо-северо-запада";"3";"";"9";"70 – 80%.";" ";"";"";"";"";"Кучевые средние или мощные или вместе с кучевыми разорванными, или с кучевыми плоскими, или со слоисто-кучевыми, либо без них; основания всех этих облаков расположены на одном уровне.";"20–30%.";"2000-2500";"Высококучевых, высокослоистых или слоисто-дождевых облаков нет.";"Перистые (часто в виде полос) и перисто-слоистые, распространяющиеся по небу и в целом обычно уплотняющиеся; сплошная пелена, поднимающаяся над горизонтом выше 45°, не покрывает всего неба.";"35.0";"7.3";"";"";"";"";"";"";
"19.07.2019 15:00";"27.2";"751.0";"760.1";"-0.4";"28";"Ветер, дующий с запада";"2";"";"";"70 – 80%.";" ";"";"";"";"";"Кучевые средние или мощные или вместе с кучевыми разорванными, или с кучевыми плоскими, или со слоисто-кучевыми, либо без них; основания всех этих облаков расположены на одном уровне.";"20–30%.";"2000-2500";"Высококучевых, высокослоистых или слоисто-дождевых облаков нет.";"Перистые плотные в виде клочьев или скрученных склонов, количество которых обычно не увеличивается, иногда могут казаться остатками верхней части кучево-дождевых; или перистые башенкообразные, или перистые хлопьевидные.";"35.0";"7.2";"";"";"";"";"";"";
"19.07.2019 14:00";"26.7";"751.0";"760.2";"-0.5";"27";"Ветер, дующий с юга";"1";"";"";"60%.";" ";"";"";"";"";"Кучевые средние или мощные или вместе с кучевыми разорванными, или с кучевыми плоскими, или со слоисто-кучевыми, либо без них; основания всех этих облаков расположены на одном уровне.";"40%.";"2000-2500";"Высококучевых, высокослоистых или слоисто-дождевых облаков нет.";"Перистые плотные в виде клочьев или скрученных склонов, количество которых обычно не увеличивается, иногда могут казаться остатками верхней части кучево-дождевых; или перистые башенкообразные, или перистые хлопьевидные.";"35.0";"6.2";"Осадков нет";"6";"";"";"";"";
"19.07.2019 13:00";"26.5";"751.3";"760.5";"-0.3";"29";"Ветер, дующий с западо-северо-запада";"3";"";"";"60%.";" ";"";"";"";"";"Кучевые средние или мощные или вместе с кучевыми разорванными, или с кучевыми плоскими, или со слоисто-кучевыми, либо без них; основания всех этих облаков расположены на одном уровне.";"40%.";"2000-2500";"Высококучевых, высокослоистых или слоисто-дождевых облаков нет.";"Перистые плотные в виде клочьев или скрученных склонов, количество которых обычно не увеличивается, иногда могут казаться остатками верхней части кучево-дождевых; или перистые башенкообразные, или перистые хлопьевидные.";"35.0";"7.1";"";"";"";"";"";"";
"19.07.2019 12:00";"25.9";"751.4";"760.6";"-0.2";"31";"Ветер, дующий с юга";"2";"";"";"50%.";" ";"";"";"";"";"Кучевые средние или мощные или вместе с кучевыми разорванными, или с кучевыми плоскими, или со слоисто-кучевыми, либо без них; основания всех этих облаков расположены на одном уровне.";"40%.";"1500-2000";"Высококучевых, высокослоистых или слоисто-дождевых облаков нет.";"Перистые нитевидные, иногда когтевидные, не распространяющиеся по небу.";"20.0";"7.6";"";"";"";"";"";"";
"19.07.2019 11:00";"24.9";"751.5";"760.7";"-0.1";"37";"Ветер, дующий с юго-юго-востока";"2";"";"";"40%.";" ";"";"";"";"";"Кучевые средние или мощные или вместе с кучевыми разорванными, или с кучевыми плоскими, или со слоисто-кучевыми, либо без них; основания всех этих облаков расположены на одном уровне.";"10%  или менее, но не 0";"1500-2000";"Высококучевые просвечивающие, расположенные на одном уровне.";"Перистые нитевидные, иногда когтевидные, не распространяющиеся по небу.";"30.0";"9.3";"";"";"";"";"";"";
"19.07.2019 10:00";"23.7";"751.6";"760.9";"0.2";"40";"Ветер, дующий с востоко-юго-востока";"3";"";"";"20–30%.";" ";"";"";"";"";"Слоисто-кучевых, слоистых, кучевых или кучево-дождевых облаков нет.";"10%  или менее, но не 0";"2500 или более, или облаков нет.";"Высококучевые просвечивающие, расположенные на одном уровне.";"Перистые нитевидные, иногда когтевидные, не распространяющиеся по небу.";"35.0";"9.4";"";"";"";"";"";"";
"19.07.2019 09:00";"21.1";"751.6";"761.0";"0.2";"53";"Ветер, дующий с юго-востока";"2";"";"";"40%.";" ";"";"";"";"";"Слоисто-кучевых, слоистых, кучевых или кучево-дождевых облаков нет.";"10%  или менее, но не 0";"2500 или более, или облаков нет.";"Высококучевые просвечивающие, расположенные на одном уровне.";"Перистые нитевидные, иногда когтевидные, не распространяющиеся по небу.";"35.0";"11.2";"";"";"";"";"";"";
"19.07.2019 08:00";"18.9";"751.6";"761.0";"0.2";"60";"Ветер, дующий с востока";"1";"";"";"40%.";" ";"";"";"10.4";"21.9";"Кучевые плоские или кучевые разорванные, или те и другие вместе, не относящиеся к облакам плохой погоды.";"10%  или менее, но не 0";"1000-1500";"Высококучевые просвечивающие, расположенные на одном уровне.";"Перистые нитевидные, иногда когтевидные, не распространяющиеся по небу.";"35.0";"10.8";"Осадков нет";"12";"Cухая (без трещин, заметного количества пыли или сыпучего песка)";"8.0";"";"";
"19.07.2019 07:00";"16.7";"751.4";"760.9";"0.0";"69";"Ветер, дующий с востоко-юго-востока";"2";"";"";"40%.";" ";"";"";"";"";"Кучевые плоские или кучевые разорванные, или те и другие вместе, не относящиеся к облакам плохой погоды.";"10%  или менее, но не 0";"600-1000";"Высококучевые просвечивающие, расположенные на одном уровне.";"Перистые нитевидные, иногда когтевидные, не распространяющиеся по небу.";"35.0";"10.9";"";"";"";"";"";"";
"19.07.2019 06:00";"14.3";"751.4";"761.0";"-0.1";"83";"Ветер, дующий с востоко-юго-востока";"1";"";"";"50%.";" ";"";"";"";"";"Слоисто-кучевых, слоистых, кучевых или кучево-дождевых облаков нет.";"20–30%.";"2500 или более, или облаков нет.";"Высококучевые просвечивающие, расположенные на одном уровне.";"Перистые нитевидные, иногда когтевидные, не распространяющиеся по небу.";"35.0";"11.4";"";"";"";"";"";"";
"19.07.2019 05:00";"13.7";"751.4";"761.0";"-0.1";"79";"Ветер, дующий с юго-востока";"1";"";"";"60%.";" ";"";"";"";"";"Слоисто-кучевых, слоистых, кучевых или кучево-дождевых облаков нет.";"40%.";"2500 или более, или облаков нет.";"Высококучевые просвечивающие, полосами, либо один или несколько слоев высококучевых просвечивающих, распространяющихся по небу; эти высококучевые в целом уплотняются.";"Перистые нитевидные, иногда когтевидные, не распространяющиеся по небу.";"35.0";"10.0";"";"";"";"";"";"";
"19.07.2019 04:00";"11.1";"751.4";"761.1";"-0.1";"89";"Штиль, безветрие";"0";"";"";"40%.";" ";"";"";"";"";"Слоисто-кучевых, слоистых, кучевых или кучево-дождевых облаков нет.";"10%  или менее, но не 0";"2500 или более, или облаков нет.";"Высококучевые просвечивающие, расположенные на одном уровне.";"Перистые нитевидные, иногда когтевидные, не распространяющиеся по небу.";"35.0";"9.3";"";"";"";"";"";"";
"19.07.2019 03:00";"11.7";"751.5";"761.2";"0.2";"85";"Штиль, безветрие";"0";"";"";"Облаков нет.";" ";"";"";"";"";"";"";"";"";"";"35.0";"9.2";"";"";"";"";"";"";
"19.07.2019 02:00";"12.7";"751.5";"761.2";"0.5";"79";"Штиль, безветрие";"0";"";"";"Облаков нет.";" ";"";"";"";"";"";"";"";"";"";"35.0";"9.2";"Осадков нет";"6";"";"";"";"";
"19.07.2019 01:00";"13.2";"751.5";"761.2";"0.6";"82";"Штиль, безветрие";"0";"";"";"Облаков нет.";" ";"";"";"";"";"";"";"";"";"";"35.0";"10.1";"";"";"";"";"";"";
"19.07.2019 00:00";"13.6";"751.3";"760.9";"0.5";"79";"Штиль, безветрие";"0";"";"";"10%  или менее, но не 0";" ";"";"";"";"";"Слоисто-кучевых, слоистых, кучевых или кучево-дождевых облаков нет.";"Облаков нет.";"2500 или более, или облаков нет.";"Высококучевых, высокослоистых или слоисто-дождевых облаков нет.";"Перистые плотные в виде клочьев или скрученных склонов, количество которых обычно не увеличивается, иногда могут казаться остатками верхней части кучево-дождевых; или перистые башенкообразные, или перистые хлопьевидные.";"35.0";"9.9";"";"";"";"";"";"";
"18.07.2019 23:00";"14.6";"751.0";"760.6";"0.6";"75";"Ветер, дующий с юго-юго-востока";"1";"";"";"20–30%.";" ";"";"";"";"";"Слоисто-кучевых, слоистых, кучевых или кучево-дождевых облаков нет.";"10%  или менее, но не 0";"2500 или более, или облаков нет.";"Высококучевые просвечивающие, расположенные на одном уровне.";"Перистые плотные в виде клочьев или скрученных склонов, количество которых обычно не увеличивается, иногда могут казаться остатками верхней части кучево-дождевых; или перистые башенкообразные, или перистые хлопьевидные.";"35.0";"10.1";"";"";"";"";"";"";
"18.07.2019 22:00";"17.3";"750.9";"760.4";"0.5";"60";"Ветер, дующий с юго-юго-запада";"1";"";"";"20–30%.";" ";"";"";"";"";"Слоисто-кучевых, слоистых, кучевых или кучево-дождевых облаков нет.";"10%  или менее, но не 0";"2500 или более, или облаков нет.";"Высококучевые просвечивающие, расположенные на одном уровне.";"Перистые плотные в виде клочьев или скрученных склонов, количество которых обычно не увеличивается, иногда могут казаться остатками верхней части кучево-дождевых; или перистые башенкообразные, или перистые хлопьевидные.";"35.0";"9.3";"";"";"";"";"";"";
"18.07.2019 21:00";"19.7";"750.8";"760.3";"0.4";"52";"Ветер, дующий с запада";"1";"";"";"20–30%.";" ";"";"";"";"";"Слоисто-кучевых, слоистых, кучевых или кучево-дождевых облаков нет.";"10%  или менее, но не 0";"2500 или более, или облаков нет.";"Высококучевые просвечивающие, расположенные на одном уровне.";"Перистые плотные в виде клочьев или скрученных склонов, количество которых обычно не увеличивается, иногда могут казаться остатками верхней части кучево-дождевых; или перистые башенкообразные, или перистые хлопьевидные.";"35.0";"9.4";"";"";"";"";"";"";
"18.07.2019 20:00";"21.9";"750.4";"759.8";"0.0";"40";"Ветер, дующий с запада";"2";"";"";"Облаков нет.";" ";"";"";"14.9";"24.0";"";"";"";"";"";"35.0";"7.8";"Осадков нет";"12";"";"";"";"";
"18.07.2019 19:00";"22.8";"750.4";"759.7";"-0.3";"38";"Штиль, безветрие";"0";"";"";"10%  или менее, но не 0";" ";"";"";"";"";"Слоисто-кучевые, образовавшиеся из кучевых.";"10%  или менее, но не 0";"1500-2000";"Высококучевых, высокослоистых или слоисто-дождевых облаков нет.";"Перистых, перисто-кучевых или перисто-слоистых нет.";"35.0";"7.8";"";"";"";"";"";"";
"18.07.2019 18:00";"22.9";"750.4";"759.7";"-0.3";"38";"Ветер, дующий с северо-северо-запада";"2";"";"";"20–30%.";" ";"";"";"";"";"Слоисто-кучевых, слоистых, кучевых или кучево-дождевых облаков нет.";"20–30%.";"1500-2000";"Высококучевых, высокослоистых или слоисто-дождевых облаков нет.";"Перистых, перисто-кучевых или перисто-слоистых нет.";"35.0";"7.9";"";"";"";"";"";"";
"18.07.2019 17:00";"23.1";"750.4";"759.7";"-0.3";"38";"Ветер, дующий с северо-запада";"3";"";"";"50%.";" ";"";"";"";"";"Кучевые средние или мощные или вместе с кучевыми разорванными, или с кучевыми плоскими, или со слоисто-кучевыми, либо без них; основания всех этих облаков расположены на одном уровне.";"50%.";"1500-2000";"Высококучевых, высокослоистых или слоисто-дождевых облаков нет.";"Перистых, перисто-кучевых или перисто-слоистых нет.";"35.0";"8.1";"";"";"";"";"";"";
"18.07.2019 16:00";"21.7";"750.7";"760.1";"0.0";"42";"Ветер, дующий с северо-запада";"3";"";"";"50%.";" ";"";"";"";"";"Кучевые средние или мощные или вместе с кучевыми разорванными, или с кучевыми плоскими, или со слоисто-кучевыми, либо без них; основания всех этих облаков расположены на одном уровне.";"50%.";"1500-2000";"Высококучевых, высокослоистых или слоисто-дождевых облаков нет.";"Перистых, перисто-кучевых или перисто-слоистых нет.";"35.0";"8.3";"";"";"";"";"";"";
"18.07.2019 15:00";"21.7";"750.7";"760.1";"";"41";"Ветер, дующий с западо-северо-запада";"3";"";"";"50%.";" ";"";"";"";"";"Кучевые средние или мощные или вместе с кучевыми разорванными, или с кучевыми плоскими, или со слоисто-кучевыми, либо без них; основания всех этих облаков расположены на одном уровне.";"50%.";"1500-2000";"Высококучевых, высокослоистых или слоисто-дождевых облаков нет.";"Перистых, перисто-кучевых или перисто-слоистых нет.";"35.0";"8.0";"";"";"";"";"";"";
"18.07.2019 14:00";"22.0";"750.7";"760.1";"";"42";"Ветер, дующий с западо-северо-запада";"4";"";"";"50%.";" ";"";"";"";"";"Кучевые средние или мощные или вместе с кучевыми разорванными, или с кучевыми плоскими, или со слоисто-кучевыми, либо без них; основания всех этих облаков расположены на одном уровне.";"50%.";"1500-2000";"Высококучевых, высокослоистых или слоисто-дождевых облаков нет.";"Перистых, перисто-кучевых или перисто-слоистых нет.";"35.0";"8.6";"Осадков нет";"6";"";"";"";"";
"18.07.2019 13:00";"21.4";"750.7";"760.1";"";"47";"Ветер, дующий с северо-северо-востока";"3";"";"";"50%.";" ";"";"";"";"";"Кучевые средние или мощные или вместе с кучевыми разорванными, или с кучевыми плоскими, или со слоисто-кучевыми, либо без них; основания всех этих облаков расположены на одном уровне.";"50%.";"1000-1500";"Высококучевых, высокослоистых или слоисто-дождевых облаков нет.";"Перистых, перисто-кучевых или перисто-слоистых нет.";"35.0";"9.7";"";"";"";"";"";"";
"18.07.2019 12:00";"19.8";"751.0";"760.4";"0.1";"51";"Ветер, дующий с запада";"4";"";"";"50%.";" ";"";"";"";"";"Кучевые средние или мощные или вместе с кучевыми разорванными, или с кучевыми плоскими, или со слоисто-кучевыми, либо без них; основания всех этих облаков расположены на одном уровне.";"50%.";"1000-1500";"Высококучевых, высокослоистых или слоисто-дождевых облаков нет.";"Перистых, перисто-кучевых или перисто-слоистых нет.";"35.0";"9.2";"";"";"";"";"";"";
"18.07.2019 11:00";"19.7";"751.0";"760.5";"";"57";"Ветер, дующий с запада";"4";"";"";"20–30%.";" ";"";"";"";"";"Кучевые средние или мощные или вместе с кучевыми разорванными, или с кучевыми плоскими, или со слоисто-кучевыми, либо без них; основания всех этих облаков расположены на одном уровне.";"20–30%.";"1000-1500";"Высококучевых, высокослоистых или слоисто-дождевых облаков нет.";"Перистых, перисто-кучевых или перисто-слоистых нет.";"35.0";"10.8";"";"";"";"";"";"";
"18.07.2019 10:00";"18.2";"750.9";"760.3";"0.2";"61";"Ветер, дующий с западо-северо-запада";"5";"";"";"20–30%.";" ";"";"";"";"";"Кучевые средние или мощные или вместе с кучевыми разорванными, или с кучевыми плоскими, или со слоисто-кучевыми, либо без них; основания всех этих облаков расположены на одном уровне.";"20–30%.";"600-1000";"Высококучевых, высокослоистых или слоисто-дождевых облаков нет.";"Перистых, перисто-кучевых или перисто-слоистых нет.";"35.0";"10.6";"";"";"";"";"";"";
"18.07.2019 09:00";"16.7";"750.9";"760.4";"0.3";"71";"Ветер, дующий с западо-северо-запада";"2";"";"";"20–30%.";" ";"";"";"";"";"Кучевые средние или мощные или вместе с кучевыми разорванными, или с кучевыми плоскими, или со слоисто-кучевыми, либо без них; основания всех этих облаков расположены на одном уровне.";"20–30%.";"600-1000";"Высококучевых, высокослоистых или слоисто-дождевых облаков нет.";"Перистых, перисто-кучевых или перисто-слоистых нет.";"35.0";"11.3";"";"";"";"";"";"";
"18.07.2019 08:00";"14.9";"750.9";"760.5";"0.5";"80";"Штиль, безветрие";"0";"";"";"20–30%.";" ";"";"";"10.3";"18.7";"Кучевые плоские или кучевые разорванные, или те и другие вместе, не относящиеся к облакам плохой погоды.";"20–30%.";"300-600";"Высококучевых, высокослоистых или слоисто-дождевых облаков нет.";"Перистых, перисто-кучевых или перисто-слоистых нет.";"35.0";"11.4";"Осадков нет";"12";"Поверхность почвы влажная.";"9.0";"";"";
"18.07.2019 07:00";"13.7";"750.7";"760.3";"0.5";"86";"Ветер, дующий с западо-северо-запада";"2";"";"";"10%  или менее, но не 0";" ";"";"";"";"";"Слоисто-кучевых, слоистых, кучевых или кучево-дождевых облаков нет.";"Облаков нет.";"2500 или более, или облаков нет.";"Высококучевых, высокослоистых или слоисто-дождевых облаков нет.";"Перистые нитевидные, иногда когтевидные, не распространяющиеся по небу.";"35.0";"11.3";"";"";"";"";"";"";
"18.07.2019 06:00";"11.4";"750.6";"760.3";"0.5";"91";"Ветер, дующий с западо-юго-запада";"1";"";"";"10%  или менее, но не 0";" ";"";"";"";"";"Слоисто-кучевых, слоистых, кучевых или кучево-дождевых облаков нет.";"Облаков нет.";"2500 или более, или облаков нет.";"Высококучевых, высокослоистых или слоисто-дождевых облаков нет.";"Перистые нитевидные, иногда когтевидные, не распространяющиеся по небу.";"35.0";"9.9";"";"";"";"";"";"";
"18.07.2019 05:00";"10.4";"750.4";"760.2";"0.2";"92";"Ветер, дующий с запада";"1";"";"";"10%  или менее, но не 0";" ";"";"";"";"";"Слоисто-кучевых, слоистых, кучевых или кучево-дождевых облаков нет.";"Облаков нет.";"2500 или более, или облаков нет.";"Высококучевых, высокослоистых или слоисто-дождевых облаков нет.";"Перистые нитевидные, иногда когтевидные, не распространяющиеся по небу.";"35.0";"9.1";"";"";"";"";"";"";
"18.07.2019 04:00";"11.1";"750.2";"759.9";"0.1";"89";"Ветер, дующий с запада";"1";"";"";"10%  или менее, но не 0";" ";"";"";"";"";"Слоисто-кучевых, слоистых, кучевых или кучево-дождевых облаков нет.";"Облаков нет.";"2500 или более, или облаков нет.";"Высококучевых, высокослоистых или слоисто-дождевых облаков нет.";"Перистые нитевидные, иногда когтевидные, не распространяющиеся по небу.";"35.0";"9.3";"";"";"";"";"";"";
"18.07.2019 03:00";"11.8";"750.1";"759.8";"0.2";"83";"Ветер, дующий с запада";"2";"";"";"10%  или менее, но не 0";" ";"";"";"";"";"Слоисто-кучевых, слоистых, кучевых или кучево-дождевых облаков нет.";"Облаков нет.";"2500 или более, или облаков нет.";"Высококучевых, высокослоистых или слоисто-дождевых облаков нет.";"Перистые нитевидные, иногда когтевидные, не распространяющиеся по небу.";"35.0";"8.9";"";"";"";"";"";"";
"18.07.2019 02:00";"12.5";"750.2";"759.9";"0.5";"79";"Ветер, дующий с запада";"2";"";"";"Облаков нет.";" ";"";"";"";"";"";"";"";"";"";"35.0";"8.9";"Осадков нет";"6";"";"";"";"";
"18.07.2019 01:00";"13.2";"750.1";"759.7";"0.6";"74";"Ветер, дующий с запада";"2";"";"";"Облаков нет.";" ";"";"";"";"";"";"";"";"";"";"35.0";"8.6";"";"";"";"";"";"";
"18.07.2019 00:00";"13.8";"749.9";"759.5";"0.5";"66";"Ветер, дующий с северо-запада";"2";"";"";"Облаков нет.";" ";"";"";"";"";"";"";"";"";"";"35.0";"7.4";"";"";"";"";"";"";
"17.07.2019 23:00";"14.4";"749.7";"759.3";"0.5";"63";"Ветер, дующий с западо-северо-запада";"1";"";"";"20–30%.";" ";"";"";"";"";"Слоисто-кучевых, слоистых, кучевых или кучево-дождевых облаков нет.";"20–30%.";"2500 или более, или облаков нет.";"Высококучевые просвечивающие, расположенные на одном уровне.";"Перистых, перисто-кучевых или перисто-слоистых нет.";"35.0";"7.5";"";"";"";"";"";"";
"17.07.2019 22:00";"16.3";"749.5";"759.1";"0.6";"59";"Ветер, дующий с северо-запада";"4";"";"";"50%.";" ";"";"";"";"";"Слоисто-кучевые, образовавшиеся не из кучевых.";"10%  или менее, но не 0";"1500-2000";"Высококучевые просвечивающие, расположенные на одном уровне.";"Перистых, перисто-кучевых или перисто-слоистых нет.";"35.0";"8.1";"";"";"";"";"";"";
"17.07.2019 21:00";"18.1";"749.4";"758.8";"0.7";"57";"Ветер, дующий с западо-северо-запада";"4";"";"";"60%.";" ";"";"";"";"";"Слоисто-кучевые, образовавшиеся не из кучевых.";"40%.";"1000-1500";"Высококучевые просвечивающие, расположенные на одном уровне.";"Перистых, перисто-кучевых или перисто-слоистых нет.";"35.0";"9.5";"";"";"";"";"";"";
"17.07.2019 20:00";"18.7";"749.2";"758.6";"0.6";"56";"Ветер, дующий с северо-запада";"4";"";"";"70 – 80%.";"Облака в целом образовывались или развивались. ";"Ливень (ливни).";"Облака покрывали более половины неба в течение всего соответствующего периода.";"13.8";"20.5";"Кучевые средние или мощные или вместе с кучевыми разорванными, или с кучевыми плоскими, или со слоисто-кучевыми, либо без них; основания всех этих облаков расположены на одном уровне.";"20–30%.";"1500-2000";"Высококучевые просвечивающие, расположенные на одном уровне.";"Перистых, перисто-кучевых или перисто-слоистых нет.";"35.0";"9.6";"0.5";"12";"";"";"";"";
"17.07.2019 19:00";"19.2";"748.9";"758.2";"0.2";"55";"Ветер, дующий с западо-северо-запада";"6";"";"";"60%.";" ";"";"";"";"";"Кучевые средние или мощные или вместе с кучевыми разорванными, или с кучевыми плоскими, или со слоисто-кучевыми, либо без них; основания всех этих облаков расположены на одном уровне.";"20–30%.";"1000-1500";"Высококучевые просвечивающие, расположенные на одном уровне.";"Перистых, перисто-кучевых или перисто-слоистых нет.";"35.0";"10.0";"";"";"";"";"";"";
"17.07.2019 18:00";"20.3";"748.7";"758.1";"0.4";"50";"Ветер, дующий с западо-северо-запада";"6";"";"";"60%.";" ";"";"";"";"";"Кучевые средние или мощные или вместе с кучевыми разорванными, или с кучевыми плоскими, или со слоисто-кучевыми, либо без них; основания всех этих облаков расположены на одном уровне.";"20–30%.";"1000-1500";"Высококучевые просвечивающие, расположенные на одном уровне.";"Перистых, перисто-кучевых или перисто-слоистых нет.";"35.0";"9.6";"";"";"";"";"";"";
"17.07.2019 17:00";"19.9";"748.6";"758.0";"0.6";"54";"Ветер, дующий с западо-северо-запада";"7";"";"";"60%.";"Облака в целом рассеиваются или становятся менее развитыми. ";"Ливень (ливни).";"Облака покрывали более половины неба в течение всего соответствующего периода.";"";"";"Кучевые средние или мощные или вместе с кучевыми разорванными, или с кучевыми плоскими, или со слоисто-кучевыми, либо без них; основания всех этих облаков расположены на одном уровне.";"20–30%.";"1000-1500";"Высококучевые просвечивающие, расположенные на одном уровне.";"Перистых, перисто-кучевых или перисто-слоистых нет.";"35.0";"10.4";"";"";"";"";"";"";
"17.07.2019 16:00";"18.1";"748.7";"758.2";"0.7";"63";"Ветер, дующий с северо-запада";"6";"";"";"70 – 80%.";"Ливневый(ые) дождь(и). ";"Облака покрывали более половины неба в течение всего соответствующего периода.";"Облака покрывали более половины неба в течение всего соответствующего периода.";"";"";"Кучево-дождевые лысые с кучевыми, слоисто-кучевыми или слоистыми, либо без них.";"60%.";"1000-1500";"Высококучевые просвечивающие, расположенные на одном уровне.";"Перистых, перисто-кучевых или перисто-слоистых нет.";"35.0";"11.0";"";"";"";"";"";"";
"17.07.2019 15:00";"20.0";"748.3";"757.6";"0.5";"50";"Ветер, дующий с западо-северо-запада";"9";"";"";"60%.";" ";"";"";"";"";"Кучево-дождевые лысые с кучевыми, слоисто-кучевыми или слоистыми, либо без них.";"20–30%.";"1000-1500";"Высококучевые просвечивающие, расположенные на одном уровне.";"Перистых, перисто-кучевых или перисто-слоистых нет.";"35.0";"9.3";"";"";"";"";"";"";
"17.07.2019 14:00";"19.6";"748.0";"757.3";"0.3";"60";"Ветер, дующий с западо-северо-запада";"8";"";"";"60%.";"Ливневый(ые) дождь(и). ";"Ливень (ливни).";"Облака покрывали более половины неба в течение всего соответствующего периода.";"";"";"Кучево-дождевые лысые с кучевыми, слоисто-кучевыми или слоистыми, либо без них.";"20–30%.";"600-1000";"Высококучевые просвечивающие, расположенные на одном уровне.";"Перистых, перисто-кучевых или перисто-слоистых нет.";"35.0";"11.7";"0.5";"6";"";"";"";"";
"17.07.2019 13:00";"18.3";"748.0";"757.4";"0.6";"75";"Ветер, дующий с западо-северо-запада";"6";"";"";"70 – 80%.";" ";"";"";"";"";"Кучево-дождевые лысые с кучевыми, слоисто-кучевыми или слоистыми, либо без них.";"50%.";"600-1000";"Высококучевые просвечивающие, расположенные на одном уровне.";"Перистых, перисто-кучевых или перисто-слоистых нет.";"35.0";"13.7";"";"";"";"";"";"";
"17.07.2019 12:00";"16.0";"747.8";"757.3";"0.2";"81";"Ветер, дующий с запада";"6";"";"";"90  или более, но не 100%";"Ливневый(ые) дождь(и). ";"Облака покрывали более половины неба в течение всего соответствующего периода.";"Облака покрывали более половины неба в течение всего соответствующего периода.";"";"";"Кучево-дождевые лысые с кучевыми, слоисто-кучевыми или слоистыми, либо без них.";"70 – 80%.";"300-600";"Высококучевые просвечивающие, расположенные на одном уровне.";"";"35.0";"12.8";"";"";"";"";"";"";
"17.07.2019 11:00";"16.8";"747.7";"757.1";"0.3";"76";"Ветер, дующий с запада";"6";"";"";"70 – 80%.";" ";"";"";"";"";"Кучевые средние или мощные или вместе с кучевыми разорванными, или с кучевыми плоскими, или со слоисто-кучевыми, либо без них; основания всех этих облаков расположены на одном уровне.";"60%.";"600-1000";"Высококучевые просвечивающие, расположенные на одном уровне.";"Перистых, перисто-кучевых или перисто-слоистых нет.";"35.0";"12.6";"";"";"";"";"";"";
"17.07.2019 10:00";"15.7";"747.4";"757.0";"0.2";"82";"Ветер, дующий с запада";"6";"";"";"90  или более, но не 100%";" ";"";"";"";"";"Кучевые средние или мощные или вместе с кучевыми разорванными, или с кучевыми плоскими, или со слоисто-кучевыми, либо без них; основания всех этих облаков расположены на одном уровне.";"90  или более, но не 100%";"300-600";"";"";"20.0";"12.7";"";"";"";"";"";"";
"17.07.2019 09:00";"14.2";"747.6";"757.1";"0.2";"93";"Ветер, дующий с запада";"5";"";"";"90  или более, но не 100%";" ";"";"";"";"";"Слоистые туманообразные или слоистые разорванные, либо те и другие, но не относящиеся к облакам плохой погоды.";"90  или более, но не 100%";"200-300";"";"";"13.0";"13.0";"";"";"";"";"";"";
"17.07.2019 08:00";"13.9";"747.4";"757.0";"-0.2";"94";"Ветер, дующий с запада";"4";"";"";"90  или более, но не 100%";"Ливневый(ые) дождь(и). ";"Облака покрывали более половины неба в течение всего соответствующего периода.";"Облака покрывали более половины неба в течение всего соответствующего периода.";"13.2";"15.1";"Слоистые туманообразные или слоистые разорванные, либо те и другие, но не относящиеся к облакам плохой погоды.";"90  или более, но не 100%";"200-300";"";"";"14.0";"13.0";"4.0";"12";"Поверхность почвы влажная.";"13.0";"";"";
"17.07.2019 07:00";"13.9";"747.2";"756.7";"-0.5";"94";"Ветер, дующий с запада";"4";"";"";"90  или более, но не 100%";" ";"";"";"";"";"Слоистые туманообразные или слоистые разорванные, либо те и другие, но не относящиеся к облакам плохой погоды.";"90  или более, но не 100%";"200-300";"";"";"20.0";"12.9";"";"";"";"";"";"";
"17.07.2019 06:00";"13.6";"747.4";"757.0";"-0.6";"96";"Ветер, дующий с запада";"4";"";"";"90  или более, но не 100%";" ";"";"";"";"";"Слоисто-кучевые, образовавшиеся не из кучевых.";"90  или более, но не 100%";"300-600";"";"";"20.0";"12.9";"";"";"";"";"";"";
"17.07.2019 05:00";"13.2";"747.6";"757.2";"-0.7";"96";"Ветер, дующий с западо-юго-запада";"3";"";"";"70 – 80%.";" ";"";"";"";"";"Слоисто-кучевые, образовавшиеся не из кучевых.";"40%.";"1000-1500";"Высококучевые просвечивающие, расположенные на одном уровне.";"Перистых, перисто-кучевых или перисто-слоистых нет.";"17.0";"12.5";"";"";"";"";"";"";
"17.07.2019 04:00";"13.6";"747.7";"757.3";"-0.6";"95";"Ветер, дующий с западо-юго-запада";"3";"";"";"90  или более, но не 100%";" ";"";"";"";"";"Слоисто-кучевые, образовавшиеся не из кучевых.";"90  или более, но не 100%";"1000-1500";"";"";"25.0";"12.8";"";"";"";"";"";"";
"17.07.2019 03:00";"13.6";"748.0";"757.6";"-0.6";"96";"Ветер, дующий с западо-юго-запада";"2";"";"";"70 – 80%.";" ";"";"";"";"";"Слоисто-кучевые, образовавшиеся не из кучевых.";"50%.";"600-1000";"Высококучевые просвечивающие, расположенные на одном уровне.";"Перистых, перисто-кучевых или перисто-слоистых нет.";"25.0";"12.9";"";"";"";"";"";"";
"17.07.2019 02:00";"13.9";"748.3";"757.9";"0.0";"97";"Ветер, дующий с запада";"3";"";"";"90  или более, но не 100%";"Ливневый(ые) дождь(и). ";"Ливень (ливни).";"Облака покрывали более половины неба в течение всего соответствующего периода.";"";"";"Кучево-дождевые лысые с кучевыми, слоисто-кучевыми или слоистыми, либо без них.";"90  или более, но не 100%";"1000-1500";"";"";"12.0";"13.4";"4.0";"6";"";"";"";"";
"17.07.2019 01:00";"13.8";"748.3";"757.9";"0.1";"96";"Ветер, дующий с запада";"3";"";"";"90  или более, но не 100%";"Ливневый(ые) дождь(и). ";"Облака покрывали более половины неба в течение всего соответствующего периода.";"Облака покрывали более половины неба в течение всего соответствующего периода.";"";"";"Кучево-дождевые лысые с кучевыми, слоисто-кучевыми или слоистыми, либо без них.";"90  или более, но не 100%";"1500-2000";"";"";"26.0";"13.1";"";"";"";"";"";"";
"17.07.2019 00:00";"13.7";"748.6";"758.2";"0.3";"97";"Ветер, дующий с запада";"3";"";"";"70 – 80%.";"Ливневый(ые) дождь(и) слабый(ые) в срок наблюдения или за последний час. ";"Ливень (ливни).";"Ливень (ливни).";"";"";"Кучево-дождевые лысые с кучевыми, слоисто-кучевыми или слоистыми, либо без них.";"50%.";"300-600";"Высококучевые просвечивающие, расположенные на одном уровне.";"Перистых, перисто-кучевых или перисто-слоистых нет.";"10.0";"13.2";"";"";"";"";"";"";
"16.07.2019 23:00";"13.7";"748.3";"757.9";"0.0";"97";"Ветер, дующий с запада";"4";"";"";"90  или более, но не 100%";"Ливневый(ые) дождь(и) слабый(ые) в срок наблюдения или за последний час. ";"Ливень (ливни).";"Облака покрывали более половины неба в течение всего соответствующего периода.";"";"";"Кучево-дождевые волокнистые (часто с наковальней), либо с кучево-дождевыми лысыми, кучевыми, слоистыми, разорванно-дождевыми, либо без них.";"50%.";"200-300";"Высококучевые просвечивающие, расположенные на одном уровне.";"";"22.0";"13.2";"";"";"";"";"";"";
"16.07.2019 22:00";"13.8";"748.2";"757.8";"-0.1";"92";"Ветер, дующий с западо-юго-запада";"2";"";"";"60%.";"Ливневый(ые) дождь(и). ";"Облака покрывали более половины неба в течение всего соответствующего периода.";"Облака покрывали более половины неба в течение всего соответствующего периода.";"";"";"Кучево-дождевые волокнистые (часто с наковальней), либо с кучево-дождевыми лысыми, кучевыми, слоистыми, разорванно-дождевыми, либо без них.";"10%  или менее, но не 0";"600-1000";"Высококучевые просвечивающие, расположенные на одном уровне.";"Перистых, перисто-кучевых или перисто-слоистых нет.";"35.0";"12.5";"";"";"";"";"";"";
"16.07.2019 21:00";"14.5";"748.3";"757.9";"0.3";"91";"Ветер, дующий с западо-юго-запада";"2";"";"";"70 – 80%.";"Ливневый(ые) дождь(и). ";"Облака покрывали более половины неба в течение всего соответствующего периода.";"Облака покрывали более половины неба в течение всего соответствующего периода.";"";"";"Кучево-дождевые волокнистые (часто с наковальней), либо с кучево-дождевыми лысыми, кучевыми, слоистыми, разорванно-дождевыми, либо без них.";"50%.";"600-1000";"Высококучевые просвечивающие, расположенные на одном уровне.";"Перистых, перисто-кучевых или перисто-слоистых нет.";"35.0";"13.0";"";"";"";"";"";"";
"16.07.2019 20:00";"15.0";"748.3";"757.8";"0.1";"91";"Штиль, безветрие";"0";"";"";"90  или более, но не 100%";"Ливневый(ые) дождь(и). ";"Ливень (ливни).";"Облака покрывали более половины неба в течение всего соответствующего периода.";"14.4";"18.2";"Кучево-дождевые волокнистые (часто с наковальней), либо с кучево-дождевыми лысыми, кучевыми, слоистыми, разорванно-дождевыми, либо без них.";"20–30%.";"600-1000";"Высококучевые, образовавшиеся из кучевых (или кучево-дождевых).";"";"26.0";"13.6";"4.0";"12";"";"";"";"";
"16.07.2019 19:00";"14.5";"748.3";"757.9";"0.0";"91";"Ветер, дующий с запада";"4";"";"11";"90  или более, но не 100%";"Ливневый(ые) дождь(и) умеренный(ые) или сильный(ые) в срок наблюдения или за последний час. ";"Облака покрывали более половины неба в течение всего соответствующего периода.";"Облака покрывали более половины неба в течение всего соответствующего периода.";"";"";"Кучево-дождевые волокнистые (часто с наковальней), либо с кучево-дождевыми лысыми, кучевыми, слоистыми, разорванно-дождевыми, либо без них.";"90  или более, но не 100%";"600-1000";"";"";"6.0";"13.1";"";"";"";"";"";"";
"16.07.2019 18:00";"17.8";"748.0";"757.5";"-0.3";"63";"Ветер, дующий с запада";"5";"";"";"90  или более, но не 100%";" ";"";"";"";"";"Кучевые и слоисто-кучевые (но не слоисто-кучевые, образовавшиеся из кучевых), основания расположены на разных уровнях.";"90  или более, но не 100%";"1000-1500";"";"";"35.0";"10.5";"";"";"";"";"";"";
"16.07.2019 17:00";"17.6";"748.2";"757.6";"-0.3";"62";"Ветер, дующий с запада";"5";"";"";"70 – 80%.";" ";"";"";"";"";"Кучевые и слоисто-кучевые (но не слоисто-кучевые, образовавшиеся из кучевых), основания расположены на разных уровнях.";"70 – 80%.";"1000-1500";"Высококучевых, высокослоистых или слоисто-дождевых облаков нет.";"Перистых, перисто-кучевых или перисто-слоистых нет.";"35.0";"10.1";"";"";"";"";"";"";
"16.07.2019 16:00";"17.8";"748.3";"757.8";"-0.3";"55";"Ветер, дующий с запада";"6";"";"";"90  или более, но не 100%";" ";"";"";"";"";"Кучевые средние или мощные или вместе с кучевыми разорванными, или с кучевыми плоскими, или со слоисто-кучевыми, либо без них; основания всех этих облаков расположены на одном уровне.";"90  или более, но не 100%";"1000-1500";"";"";"35.0";"8.7";"";"";"";"";"";"";
"16.07.2019 15:00";"17.8";"748.3";"757.8";"-0.6";"54";"Ветер, дующий с запада";"4";"";"";"90  или более, но не 100%";" ";"";"";"";"";"Кучевые средние или мощные или вместе с кучевыми разорванными, или с кучевыми плоскими, или со слоисто-кучевыми, либо без них; основания всех этих облаков расположены на одном уровне.";"90  или более, но не 100%";"1000-1500";"";"";"35.0";"8.2";"";"";"";"";"";"";
"16.07.2019 14:00";"17.5";"748.5";"757.9";"-0.3";"50";"Ветер, дующий с запада";"6";"";"11";"90  или более, но не 100%";" ";"";"";"";"";"Кучевые средние или мощные или вместе с кучевыми разорванными, или с кучевыми плоскими, или со слоисто-кучевыми, либо без них; основания всех этих облаков расположены на одном уровне.";"90  или более, но не 100%";"1000-1500";"";"";"35.0";"7.0";"Осадков нет";"6";"";"";"";"";
"16.07.2019 13:00";"17.1";"748.6";"758.0";"-0.3";"53";"Ветер, дующий с запада";"6";"";"";"90  или более, но не 100%";" ";"";"";"";"";"Кучевые и слоисто-кучевые (но не слоисто-кучевые, образовавшиеся из кучевых), основания расположены на разных уровнях.";"90  или более, но не 100%";"1000-1500";"";"";"35.0";"7.3";"";"";"";"";"";"";
"16.07.2019 12:00";"16.2";"748.9";"758.4";"0.0";"58";"Ветер, дующий с запада";"6";"11";"11";"90  или более, но не 100%";" ";"";"";"";"";"Кучевые средние или мощные или вместе с кучевыми разорванными, или с кучевыми плоскими, или со слоисто-кучевыми, либо без них; основания всех этих облаков расположены на одном уровне.";"90  или более, но не 100%";"1000-1500";"";"";"35.0";"7.8";"";"";"";"";"";"";
"16.07.2019 11:00";"16.9";"748.8";"758.2";"-0.2";"56";"Ветер, дующий с запада";"5";"";"";"90  или более, но не 100%";" ";"";"";"";"";"Кучевые средние или мощные или вместе с кучевыми разорванными, или с кучевыми плоскими, или со слоисто-кучевыми, либо без них; основания всех этих облаков расположены на одном уровне.";"90  или более, но не 100%";"1000-1500";"";"";"35.0";"7.9";"";"";"";"";"";"";
"16.07.2019 10:00";"16.4";"748.9";"758.5";"-0.3";"59";"Ветер, дующий с запада";"6";"";"";"90  или более, но не 100%";" ";"";"";"";"";"Кучевые средние или мощные или вместе с кучевыми разорванными, или с кучевыми плоскими, или со слоисто-кучевыми, либо без них; основания всех этих облаков расположены на одном уровне.";"90  или более, но не 100%";"600-1000";"";"";"35.0";"8.2";"";"";"";"";"";"";
"16.07.2019 09:00";"16.6";"748.9";"758.4";"-0.1";"67";"Ветер, дующий с запада";"6";"";"";"90  или более, но не 100%";" ";"";"";"";"";"Кучевые средние или мощные или вместе с кучевыми разорванными, или с кучевыми плоскими, или со слоисто-кучевыми, либо без них; основания всех этих облаков расположены на одном уровне.";"60%.";"600-1000";"Высококучевые просвечивающие, расположенные на одном уровне.";"";"35.0";"10.3";"";"";"";"";"";"";
"16.07.2019 08:00";"16.0";"749.0";"758.5";"-0.2";"74";"Ветер, дующий с запада";"4";"";"";"70 – 80%.";" ";"";"";"11.0";"21.9";"Кучевые средние или мощные или вместе с кучевыми разорванными, или с кучевыми плоскими, или со слоисто-кучевыми, либо без них; основания всех этих облаков расположены на одном уровне.";"10%  или менее, но не 0";"1000-1500";"Высококучевые просвечивающие, расположенные на одном уровне.";"Перисто-кучевые одни или перисто-кучевые, сопровождаемые перистыми или перисто-слоистыми, либо те и другие, но перисто-кучевые преобладают среди них.";"35.0";"11.3";"Осадков нет";"12";"Cухая (без трещин, заметного количества пыли или сыпучего песка)";"8.0";"";"";
"16.07.2019 07:00";"14.1";"749.2";"758.8";"0.0";"81";"Ветер, дующий с запада";"4";"";"";"70 – 80%.";" ";"";"";"";"";"Слоисто-кучевых, слоистых, кучевых или кучево-дождевых облаков нет.";"60%.";"2500 или более, или облаков нет.";"Высококучевые просвечивающие, расположенные на одном уровне.";"Перистые плотные в виде клочьев или скрученных склонов, количество которых обычно не увеличивается, иногда могут казаться остатками верхней части кучево-дождевых; или перистые башенкообразные, или перистые хлопьевидные.";"30.0";"10.8";"";"";"";"";"";"";
"16.07.2019 06:00";"13.6";"749.0";"758.6";"-0.3";"84";"Ветер, дующий с запада";"4";"";"";"60%.";" ";"";"";"";"";"Слоисто-кучевых, слоистых, кучевых или кучево-дождевых облаков нет.";"50%.";"2500 или более, или облаков нет.";"Высококучевые просвечивающие, расположенные на одном уровне.";"Перистые плотные в виде клочьев или скрученных склонов, количество которых обычно не увеличивается, иногда могут казаться остатками верхней части кучево-дождевых; или перистые башенкообразные, или перистые хлопьевидные.";"30.0";"10.9";"";"";"";"";"";"";
"16.07.2019 05:00";"12.4";"749.2";"758.8";"-0.3";"84";"Ветер, дующий с западо-юго-запада";"2";"";"";"20–30%.";" ";"";"";"";"";"Слоисто-кучевых, слоистых, кучевых или кучево-дождевых облаков нет.";"20–30%.";"2500 или более, или облаков нет.";"Высококучевые просвечивающие, расположенные на одном уровне.";"Перистых, перисто-кучевых или перисто-слоистых нет.";"35.0";"9.7";"";"";"";"";"";"";
"16.07.2019 04:00";"12.9";"749.2";"758.8";"-0.5";"69";"Ветер, дующий с западо-юго-запада";"3";"";"";"20–30%.";" ";"";"";"";"";"Слоисто-кучевых, слоистых, кучевых или кучево-дождевых облаков нет.";"20–30%.";"2500 или более, или облаков нет.";"Высококучевые просвечивающие, расположенные на одном уровне.";"Перистых, перисто-кучевых или перисто-слоистых нет.";"35.0";"7.4";"";"";"";"";"";"";
"16.07.2019 03:00";"13.2";"749.3";"758.9";"-0.5";"63";"Ветер, дующий с западо-юго-запада";"1";"";"";"40%.";" ";"";"";"";"";"Слоисто-кучевых, слоистых, кучевых или кучево-дождевых облаков нет.";"40%.";"2500 или более, или облаков нет.";"Высококучевые просвечивающие, расположенные на одном уровне.";"Перистых, перисто-кучевых или перисто-слоистых нет.";"35.0";"6.2";"";"";"";"";"";"";
"16.07.2019 02:00";"11.8";"749.5";"759.1";"-0.4";"73";"Штиль, безветрие";"0";"";"";"Облаков нет.";" ";"";"";"";"";"";"";"";"";"";"35.0";"7.0";"Осадков нет";"6";"";"";"";"";
"16.07.2019 01:00";"13.6";"749.7";"759.3";"-0.1";"65";"Штиль, безветрие";"0";"";"";"Облаков нет.";" ";"";"";"";"";"";"";"";"";"";"35.0";"7.0";"";"";"";"";"";"";
"16.07.2019 00:00";"15.9";"749.8";"759.4";"0.0";"53";"Ветер, дующий с западо-юго-запада";"2";"";"";"Облаков нет.";" ";"";"";"";"";"";"";"";"";"";"35.0";"6.4";"";"";"";"";"";"";
